codigo,area,habilidade
EM13LGG101,Linguagens e suas Tecnologias,"Compreender e analisar processos de produção e circulação de discursos, nas diferentes linguagens, para fazer escolhas fundamentadas em função de interesses pessoais e coletivos."
EM13LGG102,Linguagens e suas Tecnologias,"Analisar visões de mundo, conflitos de interesse, preconceitos e ideologias presentes nos discursos veiculados nas diferentes mídias como forma de ampliar suas as possibilidades de explicação e interpretação crítica da realidade."
EM13LGG103,Linguagens e suas Tecnologias,"Analisar, de maneira cada vez mais aprofundada, o funcionamento das linguagens, para interpretar e produzir criticamente discursos em textos de diversas semioses."
EM13LGG104,Linguagens e suas Tecnologias,"Utilizar as diferentes linguagens, levando em conta seus funcionamentos, para a compreensão e produção de textos e discursos em diversos campos de atuação social."
EM13LGG105,Linguagens e suas Tecnologias,"Analisar e experimentar diversos processos de remidiação de produções multissemióticas, multimídia e transmídia, como forma de fomentar diferentes modos de participação e intervenção social. 484 BASE NACIONAL COMUM CURRICULAR."
EM13LGG201,Linguagens e suas Tecnologias,"Utilizar adequadamente as diversas linguagens (artísticas, corporais e verbais) em diferentes contextos, valorizando-as como fenômeno social, cultural, histórico, variável, heterogêneo e sensível aos contextos de uso."
EM13LGG202,Linguagens e suas Tecnologias,"Analisar interesses, relações de poder e perspectivas de mundo nos discursos das diversas práticas de linguagem (artísticas, corporais e verbais), para compreender o modo como circulam, constituem-se e (re)produzem significação e ideologias."
EM13LGG203,Linguagens e suas Tecnologias,"Analisar os diálogos e conflitos entre diversidades e os processos de disputa por legitimidade nas práticas de linguagem e suas produções (artísticas, corporais e verbais), presentes na cultura local e em outras culturas."
EM13LGG204,Linguagens e suas Tecnologias,"Negociar sentidos e produzir entendimento mútuo, nas diversas linguagens (artísticas, corporais e verbais), com vistas ao interesse comum pautado em princípios e valores de equidade assentados na democracia e nos Direitos Humanos. 485 LINGUAGENS E SUAS TECNOLOGIAS ENSINO MÉDIO."
EM13LGG301,Linguagens e suas Tecnologias,"Participar de processos de produção individual e colaborativa em diferentes linguagens (artísticas, corporais e verbais), levando em conta seus funcionamentos, para produzir sentidos em diferentes contextos."
EM13LGG302,Linguagens e suas Tecnologias,"Compreender e posicionar-se criticamente diante de diversas visões de mundo presentes nos discursos em diferentes linguagens, levando em conta seus contextos de produção e de circulação."
EM13LGG303,Linguagens e suas Tecnologias,"Debater questões polêmicas de relevância social, analisando diferentes argumentos e opiniões manifestados, para negociar e sustentar posições, formular propostas, e intervir e tomar decisões democraticamente sustentadas, que levem em conta o bem comum e os Direitos Humanos, a consciência socioambiental e o consumo responsável em âmbito local, regional e global."
EM13LGG304,Linguagens e suas Tecnologias,"Mapear e criar, por meio de práticas de linguagem, possibilidades de atuação social, política, artística e cultural para enfrentar desafios contemporâneos, discutindo seus princípios e objetivos de maneira crítica, criativa, solidária e ética. 486 BASE NACIONAL COMUM CURRICULAR."
EM13LGG401,Linguagens e suas Tecnologias,"Analisar textos de modo a caracterizar as línguas como fenômeno (geo)político, histórico, social, variável, heterogêneo e sensível aos contextos de uso."
EM13LGG402,Linguagens e suas Tecnologias,"Empregar, nas interações sociais, a variedade e o estilo de língua adequados à situação comunicativa, ao(s) interlocutor(es) e ao gênero do discurso, respeitando os usos das línguas por esse(s) interlocutor(es) e combatendo situações de preconceito linguístico."
EM13LGG403,Linguagens e suas Tecnologias,"Fazer uso do inglês como língua do mundo global, levando em conta a multiplicidade e variedade de usos, usuários e funções dessa língua no mundo contemporâneo. 487 LINGUAGENS E SUAS TECNOLOGIAS ENSINO MÉDIO."
EM13LGG501,Linguagens e suas Tecnologias,"Selecionar e utilizar movimentos corporais de forma consciente e intencional para interagir socialmente em práticas da cultura corporal, de modo a estabelecer relações construtivas, éticas e de respeito às diferenças."
EM13LGG502,Linguagens e suas Tecnologias,"Analisar criticamente preconceitos, estereótipos e relações de poder subjacentes às práticas e discursos verbais e imagéticos na apreciação e produção das práticas da cultura corporal de movimento."
EM13LGG503,Linguagens e suas Tecnologias,"Praticar, significar e valorizar a cultura corporal de movimento como forma de autoconhecimento, autocuidado e construção de laços sociais em seus projetos de vida. 488 BASE NACIONAL COMUM CURRICULAR."
EM13LGG601,Linguagens e suas Tecnologias,"Apropriar-se do patrimônio artístico e da cultura corporal de movimento de diferentes tempos e lugares, compreendendo a sua diversidade, bem como os processos de disputa por legitimidade."
EM13LGG602,Linguagens e suas Tecnologias,"Fruir e apreciar esteticamente diversas manifestações artísticas e culturais, das locais às mundiais, assim como delas participar, de modo a aguçar continuamente a sensibilidade, a imaginação e a criatividade."
EM13LGG603,Linguagens e suas Tecnologias,"Expressar-se e atuar em processos criativos que integrem diferentes linguagens artísticas e referências estéticas e culturais, recorrendo a conhecimentos de naturezas diversas (artísticos, históricos, sociais e políticos) e experiências individuais e coletivas."
EM13LGG604,Linguagens e suas Tecnologias,"Relacionar as práticas artísticas e da cultura corporal do movimento às diferentes dimensões da vida social, cultural, política, histórica e econômica. 489 LINGUAGENS E SUAS TECNOLOGIAS ENSINO MÉDIO."
EM13LGG701,Linguagens e suas Tecnologias,"Explorar tecnologias digitais da informação e comunicação (TDIC), compreendendo seus princípios e funcionalidades, e mobilizá-las de modo ético, responsável e adequado a práticas de linguagem em diferentes contextos."
EM13LGG702,Linguagens e suas Tecnologias,"Avaliar o impacto das tecnologias digitais da informação e comunicação (TDIC) na formação do sujeito e em suas práticas sociais, para fazer uso crítico dessa mídia em práticas de seleção, compreensão e produção de discursos em ambiente digital."
EM13LGG703,Linguagens e suas Tecnologias,"Utilizar diferentes linguagens, mídias e ferramentas digitais em processos de produção coletiva, colaborativa e projetos autorais em ambientes digitais."
EM13LGG704,Linguagens e suas Tecnologias,"Apropriar-se criticamente de processos de pesquisa e busca de informação, por meio de ferramentas e dos novos formatos de produção e distribuição do conhecimento na cultura de rede. 490 BASE NACIONAL COMUM CURRICULAR 5.1.2. LÍNGUA PORTUGUESA Ao chegar ao Ensino Médio, os estudantes já têm condições de participar de forma significativa de diversas práticas sociais que envolvem a linguagem, pois, além de dominarem certos gêneros textuais/ discursivos que circulam nos diferentes campos de atuação social considerados no Ensino Fundamental, eles desenvolveram várias habilidades relativas aos usos das linguagens. Cabe ao Ensino Médio aprofundar a análise sobre as linguagens e seus funcionamentos, intensificando a perspectiva analítica e crítica da leitura, escuta e produção de textos verbais e multissemióticos, e alargar as referências estéticas, éticas e políticas que cercam a produção e recepção de discursos, ampliando as possibilidades de fruição, de construção e produção de conhecimentos, de compreensão crítica e intervenção na realidade e de participação social dos jovens, nos âmbitos da cidadania, do trabalho e dos estudos. Do ponto de vista das práticas contemporâneas de linguagem, ganham mais destaque, no Ensino Médio, a cultura digital, as culturas juvenis, os novos letramentos e os multiletramentos, os processos colabo rativos, as interações e atividades que têm lugar nas mídias e redes sociais, os processos de circulação de informações e a hibridização dos papéis nesse contexto (de leitor/autor e produtor/consumidor), já explorada no Ensino Fundamental. Fenômenos como a pós-verdade e o efeito bolha, em função do impacto que produzem na fidedignidade do conteúdo disponibilizado nas redes, nas interações sociais e no trato com a diversidade, também são ressaltados. Para além de continuar a promover o desenvolvimento de habilidades relativas ao trato com a informação e a opinião, no que diz respeito à veracidade e confiabilidade de informações, à adequação, validade e força dos argumentos, à articulação entre as semioses para a produção de sentidos etc., é preciso intensificar o desenvolvimento de habilidades que possibilitem o trato com o diverso e o debate de ideias. Tal desenvolvimento deve ser pautado pelo respeito, pela ética e pela rejeição aos discursos de ódio. Se, por um lado, trata-se de enfrentar e buscar minimizar os riscos que os usos atuais da rede trazem, por outro, trata-se também de explorar suas potencialidades em termos do acesso à informação, a possibilidades variadas de disponibilização de conteúdos sem e com intermediação, à diversidade de formas de interação e ao incremento da possibilidade de participação e vivência de processos colaborativos. Todos esses fatores requerem aprendizagens e desenvolvimento de habilidades que precisam ser contempladas pelos currículos. 491 LINGUAGENS E SUAS TECNOLOGIAS – LÍNGUA PORTUGUESA ENSINO MÉDIO Em relação à literatura, a leitura do texto literário, que ocupa o centro do trabalho no Ensino Fundamental, deve permanecer nuclear também no Ensino Médio. Por força de certa simplificação didática, as biografias de autores, as características de épocas, os resumos e outros gêneros artísticos substitutivos, como o cinema e as HQs 62, têm relegado o texto literário a um plano secundário do ensino. Assim, é importante não só (re)colocá-lo como ponto de partida para o trabalho com a literatura, como intensificar seu convívio com os estudantes. Como linguagem artisticamente organizada, a literatura enriquece nossa percepção e nossa visão de mundo. Mediante arranjos especiais das palavras, ela cria um universo que nos permite aumentar nossa capacidade de ver e sentir. Nesse sentido, a literatura possibilita uma ampliação da nossa visão do mundo, ajuda-nos não só a ver mais, mas a colocar em questão muito do que estamos vendo/ vivenciando. Em comparação com o Ensino Fundamental, a BNCC de Língua Portuguesa para o Ensino Médio define a progressão das aprendizagens e habilidades levando em conta: • a complexidade das práticas de linguagens e dos fenômenos sociais que repercutem nos usos da linguagem (como a pós-verdade e o efeito bolha); • a consolidação do domínio de gêneros do discurso/gêneros tex tuais já contemplados anteriormente e a ampliação do repertório de gêneros, sobretudo dos que supõem um grau maior de análise, síntese e reflexão; • o aumento da complexidade dos textos lidos e produzidos em termos de temática, estruturação sintática, vocabulário, recursos estilísticos, orquestração de vozes e semioses; • o foco maior nas habilidades envolvidas na reflexão sobre os textos e práticas (análise, avaliação, apreciação ética, estética e política, valoração, validação crítica, demonstração etc.), já que as habilidades requeridas por processos de recuperação de informação (identificação, reconhecimento, organização) e por processos de compreensão (comparação, distinção, estabelecimento de relações e inferência) já foram desenvolvidas no Ensino Fundamental; 62 É possível e desejável que se trabalhe com HQs, filmes, animações, entre outras produções, baseadas em obras literárias, incluindo análises sobre seus processos de produção e recepção. O que deve ser evitado é a simples substituição dos textos literários por essas produções. 492 BASE NACIONAL COMUM CURRICULAR • a atenção maior nas habilidades envolvidas na produção de textos multissemióticos mais analíticos, críticos, propositivos e criativos, abarcando sínteses mais complexas, produzidos em contextos que suponham apuração de fatos, curadoria de informação 63, levantamentos e pesquisas e que possam ser vinculados de forma significativa aos contextos de estudo/construção de conhecimentos em diferentes áreas, a experiências estéticas e produções da cultura digital e à discussão e proposição de ações e projetos de relevância pessoal e para a comunidade; • o incremento da consideração das práticas da cultura digital e das culturas juvenis, por meio do aprofundamento da análise de suas práticas e produções culturais em circulação, de uma maior incorporação de critérios técnicos e estéticos na análise e autoria das produções e vivências mais intensas de processos de produção colaborativos; • a ampliação de repertório, considerando a diversidade cultural, de maneira a abranger produções e formas de expressão diversas – literatura juvenil, literatura periférico-marginal, o culto, o clássico, o popular, cultura de massa, cultura das mídias, culturas juvenis etc. – e em suas múltiplas repercussões e possibilidades de apreciação, em processos que envolvem adaptações, remidiações, estilizações, paródias, HQs, minisséries, filmes, videominutos, games etc.; • a inclusão de obras da tradição literária brasileira e de suas referências ocidentais – em especial da literatura portuguesa –, assim como obras mais complexas da literatura contemporânea e das literaturas indígena, africana e latino-americana. Os eixos de integração propostos para o Ensino Médio são as práticas de linguagem consideradas no Ensino Fundamental – leitura, produção de textos, oralidade (escuta e produção oral) e análise linguística/semiótica. As dimensões, habilidades gerais e conhecimentos considerados, relacionados a essas práticas, também são os mesmos (cf. p. 72-74; 77-78; 79-80; 82-83), cabendo ao Ensino Médio, como já destacado, sua consolidação e complexificação e a ênfase nas habilidades relativas à análise, síntese, compreensão dos efeitos de sentidos e apreciação e réplica (posicionar-se de maneira responsável em relação a temas e efeitos de sentido dos textos; fazer apreciações éticas, estéticas e políticas de textos e produções artísticas e culturais etc.). 63 A curadoria de informação envolve processos mais apurados de seleção e filtragem de informações, o que pode requerer procedimentos de checagem e validação, comparações, análises etc. Pode envolver também organização, categorização e reedição de informações. 493 LINGUAGENS E SUAS TECNOLOGIAS – LÍNGUA PORTUGUESA ENSINO MÉDIO Uma vez que muitas habilidades já foram desenvolvidas e um grau de autonomia relativo às práticas de linguagem consideradas já foi alcançado, as habilidades passam a ser apresentadas no Ensino Médio de um jeito próximo ao requerido pelas práticas sociais, muitas vezes misturando, ao mesmo tempo, escuta, tomada de nota, leitura e fala. Diferentemente do Ensino Fundamental, para o Ensino Médio não há indicação de anos na apresentação das habilidades, não só em função da natureza mais flexível do currículo para esse nível de ensino, mas também, como já referido, do grau de autonomia dos estudantes, que se supõe alcançado. Essa proposta não mais impõe restrições e necessidades de estabelecimento de sequências (que já são flexíveis no Ensino Fundamental), podendo cada rede de ensino e escola organizar localmente as sequências e simultaneidades, considerados os critérios gerais de organização apresentados depois de cada campo de atuação. Os campos de atuação social propostos para contextualizar as práticas de linguagem no Ensino Médio em Língua Portuguesa correspondem aos mesmos considerados pela área. Além disso, estão em relação com os campos propostos nesse componente nas duas fases do Ensino Fundamental: ENSINO FUNDAMENTAL ENSINO MÉDIO ANOS INICIAIS ANOS FINAIS Campo da vida cotidiana Campo da vida pessoal Campo artístico-literário Campo artístico-literário Campo artístico-literário Campo das práticas de estudo e pesquisa Campo das práticas de estudo e pesquisa Campo das práticas de estudo e pesquisa Campo da vida pública Campo jornalístico-midiático Campo jornalístico-midiático Campo de atuação na vida pública Campo de atuação na vida pública 494 BASE NACIONAL COMUM CURRICULAR O campo da vida pessoal pretende funcionar como espaço de articulações e sínteses das aprendizagens de outros campos postas a serviço dos projetos de vida dos estudantes. As práticas de linguagem privilegiadas nesse campo relacionam-se com a ampliação do saber sobre si, tendo em vista as condições que cercam a vida contemporânea e as condições juvenis no Brasil e no mundo. Está em questão também possibilitar vivências significativas de práticas colaborativas em situações de interação presenciais ou em ambientes digitais e aprender, na articulação com outras áreas, campos e com os projetos e escolhas pessoais dos jovens, procedimentos de levantamento, tratamento e divulgação de dados e informações e o uso desses dados em produções diversas e na proposição de ações e projetos de natureza variada, para fomentar o protagonismo juvenil de forma contextualizada. No cerne do campo de atuação na vida pública estão a ampliação da participação em diferentes instâncias da vida pública, a defesa dos direitos, o domínio básico de textos legais e a discussão e o debate de ideias, propostas e projetos. No Ensino Médio, ganham destaque as condições de produção dos textos legais, sócio e historicamente situados e, em última instância, baseados nas experiências humanas, formulados com vistas à paz social. A discussão sobre o Estatuto da Juventude e seu cumprimento e a análise e produção coletiva de projetos de lei também são postos em evidência. Análises de campanhas e programas políticos e de políticas públicas, bem como de estratégias de acompanhamento do exercício do mandato de governantes, também são consideradas em algumas das habilidades propostas. Ainda no domínio das ênfases, indica-se um conjunto de habilidades que se relacionam com a análise, discussão, elaboração e desenvolvimento de propostas de ação e de projetos culturais e de intervenção social. Em relação ao campo jornalístico-midiático, espera-se que os jovens que chegam ao Ensino Médio sejam capazes de: compreender os fatos e circunstâncias principais relatados; perceber a impossibilidade de neutralidade absoluta no relato de fatos; adotar procedimentos básicos de checagem de veracidade de informação; identificar diferentes pontos de vista diante de questões polêmicas de relevância social; avaliar argumentos utilizados e posicionar-se em relação a eles de forma ética; identificar e denunciar discursos de ódio e que envolvam desrespeito aos Direitos Humanos; e produzir textos jornalísticos variados, tendo em vista seus contextos de produção e características 495 LINGUAGENS E SUAS TECNOLOGIAS – LÍNGUA PORTUGUESA ENSINO MÉDIO dos gêneros. Eles também devem ter condições de analisar estratégias linguístico-discursivas utilizadas pelos textos publicitários e de refletir sobre necessidades e condições de consumo. No Ensino Médio, os jovens precisam aprofundar a análise dos interesses que movem o campo jornalístico midiático, da relação entre informação e opinião, com destaque para o fenômeno da pós-verdade, consolidar o desenvolvimento de habilidades, apropriar-se de mais procedimentos envolvidos na curadoria de informações, ampliar o contato com projetos editoriais independentes e tomar consciência de que uma mídia independente e plural é condição indispensável para a democracia. Como já destacado, as práticas que têm lugar nas redes sociais têm tratamento ampliado. Além dos gêneros propostos para o Ensino Fundamental, são privilegiados gêneros mais complexos relacionados com a apuração e o relato de fatos e situações (reportagem multimidiática, documentário etc.) e com a opinião (crítica da mídia, ensaio, vlog de opinião etc.). Textos, vídeos e podcasts diversos de apreciação de produções culturais também são propostos, a exemplo do que acontece no Ensino Fundamental, mas com análises mais consistentes, tendo em vista a intensificação da análise crítica do funcionamento das diferentes semioses. No campo artístico-literário busca-se a ampliação do contato e a análise mais fundamentada de manifestações culturais e artísticas em geral. Está em jogo a continuidade da formação do leitor literário e do desenvolvimento da fruição. A análise contextualizada de produções artísticas e dos textos literários, com destaque para os clássicos, intensifica-se no Ensino Médio. Gêneros e formas diversas de produções vinculadas à apreciação de obras artísticas e produções culturais (resenhas, vlogs e podcasts literários, culturais etc.) ou a formas de apropriação do texto literário, de produções cinematográficas e teatrais e de outras manifestações artísticas (remidiações, paródias, estilizações, videominutos, fanfics etc.) continuam a ser considerados associados a habilidades técnicas e estéticas mais refinadas. A escrita literária, por sua vez, ainda que não seja o foco central do componente de Língua Portuguesa, também se mostra rica em possibilidades expressivas. Já exercitada no Ensino Fundamental, pode ser ampliada e aprofundada no Ensino Médio, aproveitando o interesse de muitos jovens por manifestações esteticamente organizadas comuns às culturas juvenis. O que está em questão nesse tipo de escrita não é informar, ensinar ou simplesmente comunicar. O exercício literário inclui também a 496 BASE NACIONAL COMUM CURRICULAR função de produzir certos níveis de reconhecimento, empatia e solidariedade e envolve reinventar, questionar e descobrir-se. Sendo assim, ele é uma função importante em termos de elaboração da subjetividade e das inter-relações pessoais. Nesse sentido, o desenvolvimento de textos construídos esteticamente – no âmbito dos mais diferentes gêneros – pode propiciar a exploração de emoções, sentimentos e ideias, que não encontram lugar em outros gêneros não literários e que, por isso, deve ser explorado. O campo das práticas de estudo e pesquisa mantém destaque para os gêneros e habilidades envolvidos na leitura/escuta e produção de textos de diferentes áreas do conhecimento e para as habilidades e procedimentos envolvidos no estudo. Ganham realce também as habilidades relacionadas à análise, síntese, reflexão, problematização e pesquisa: estabelecimento de recorte da questão ou problema; seleção de informações; estabelecimento das condições de coleta de dados para a realização de levantamentos; realização de pesquisas de diferentes tipos; tratamento dos dados e informações; e formas de uso e socialização dos resultados e análises. Além de fazer uso competente da língua e das outras semioses, os estudantes devem ter uma atitude investigativa e criativa em relação a elas e compreender princípios e procedimentos metodológicos que orientam a produção do conhecimento sobre a língua e as linguagens e a formulação de regras. As habilidades de Língua Portuguesa estão organizadas nesses cinco campos de atuação social. Além disso, ainda que uma mesma habilidade possa estar a serviço de mais de uma competência específica da área de Linguagens e suas Tecnologias, indica(m)-se aquela(s) com a(s) qual(is) cada habilidade tem maior afinidade. 497 LINGUAGENS E SUAS TECNOLOGIAS – LÍNGUA PORTUGUESA ENSINO MÉDIO 5.1.2.1. LÍNGUA PORTUGUESA NO ENSINO MÉDIO: CAMPOS DE ATUAÇÃO SOCIAL,."
EM13LP01,Língua Portuguesa,"Relacionar o texto, tanto na produção como na recepção, com suas condições de produção e seu contexto sócio-histórico de circulação (leitor previsto, objetivos, pontos de vista e perspectivas, papel social do autor, época, gênero do discurso etc.). 2."
EM13LP02,Língua Portuguesa,"Estabelecer relações entre as partes do texto, tanto na produção como na recepção, considerando a construção composicional e o estilo do gênero, usando/reconhecendo adequadamente elementos e recursos coesivos diversos que contribuam para a coerência, a continuidade do texto e sua progressão temática, e organizando informações, tendo em vista as condições de produção e as relações lógico-discursivas envolvidas (causa/efeito ou consequência; tese/argumentos; problema/solução; definição/exemplos etc.). 1."
EM13LP03,Língua Portuguesa,"Analisar relações de intertextualidade e interdiscursividade que permitam a explicitação de relações dialógicas, a identificação de posicionamentos ou de perspectivas, a compreensão de paródias e estilizações, entre outras possibilidades. 1."
EM13LP04,Língua Portuguesa,"Estabelecer relações de interdiscursividade e intertextualidade para explicitar, sustentar e qualificar posicionamentos e para construir e referendar explicações e relatos, fazendo uso de citações e paráfrases devidamente marcadas. 1."
EM13LP05,Língua Portuguesa,"Analisar, em textos argumentativos, os posicionamentos assumidos, os movimentos argumentativos e os argumentos utilizados para sustentá-los, para avaliar sua força e eficácia, e posicionar-se diante da questão discutida e/ou dos argumentos utilizados, recorrendo aos mecanismos linguísticos necessários. 3."
EM13LP06,Língua Portuguesa,"Analisar efeitos de sentido decorrentes de usos expressivos da linguagem, da escolha de determinadas palavras ou expressões e da ordenação, combinação e contraposição de palavras, dentre outros, para ampliar as possibilidades de construção de sentidos e de uso crítico da língua. 1 499 LINGUAGENS E SUAS TECNOLOGIAS – LÍNGUA PORTUGUESA ENSINO MÉDIO TODOS OS CAMPOS DE ATUAÇÃO SOCIAL PRÁTICAS Leitura, escuta, produção de textos (orais, escritos, multissemióticos) e análise linguística/semiótica Habilidades Competências específicas."
EM13LP07,Língua Portuguesa,"Analisar, em textos de diferentes gêneros, marcas que expressam a posição do enunciador frente àquilo que é dito: uso de diferentes modalidades (epistêmica, deôntica e apreciativa) e de diferentes recursos gramaticais que operam como modalizadores (verbos modais, tempos e modos verbais, expressões modais, adjetivos, locuções ou orações adjetivas, advérbios, locuções ou orações adverbiais, entonação etc.), uso de estratégias de impessoalização (uso de terceira pessoa e de voz passiva etc.), com vistas ao incremento da compreensão e da criticidade e ao manejo adequado desses elementos nos textos produzidos, considerando os contextos de produção. 1."
EM13LP08,Língua Portuguesa,"Analisar elementos e aspectos da sintaxe do Português, como a ordem dos constituintes da sentença (e os efeito que causam sua inversão), a estrutura dos sintagmas, as categorias sintáticas, os processos de coordenação e subordinação (e os efeitos de seus usos) e a sintaxe de concordância e de regência, de modo a potencializar os processos de compreensão e produção de textos e a possibilitar escolhas adequadas à situação comunicativa. 1."
EM13LP09,Língua Portuguesa,"Fazer curadoria de informações, tendo em vista diferentes propósitos e projetos discursivos. 7."
EM13LP10,Língua Portuguesa,"Selecionar informações, dados e argumentos em fontes confiáveis, impressas e digitais, e utilizá-los de forma referenciada, para que o texto a ser produzido tenha um nível de aprofundamento adequado (para além do senso comum) e contemple a sustentação das posições defendidas. 1, 7."
EM13LP11,Língua Portuguesa,"Analisar efeitos de sentido decorrentes de escolhas de elementos sonoros (volume, timbre, intensidade, pausas, ritmo, efeitos sonoros, sincronização etc.) e de suas relações com o verbal, levando em conta esses efeitos na produção de áudios, para ampliar as possibilidades de construção de sentidos e de apreciação. 1."
EM13LP12,Língua Portuguesa,"Analisar efeitos de sentido decorrentes de escolhas e formatação das imagens (enquadramento, ângulo/vetor, cor, brilho, contraste) e de sua sequenciação (disposição e transição, movimentos de câmera, remix), das performances (movimentos do corpo, gestos, ocupação do espaço cênico), dos elementos sonoros (entonação, trilha sonora, sampleamento etc.) e das relações desses elementos com o verbal, levando em conta esses efeitos nas produções de imagens e vídeos, para ampliar as possibilidades de construção de sentidos e de apreciação. 1 500 BASE NACIONAL COMUM CURRICULAR TODOS OS CAMPOS DE ATUAÇÃO SOCIAL PRÁTICAS Leitura, escuta, produção de textos (orais, escritos, multissemióticos) e análise linguística/semiótica Habilidades Competências específicas."
EM13LP13,Língua Portuguesa,"Planejar, produzir, revisar, editar, reescrever e avaliar textos escritos e multissemióticos, considerando sua adequação às condições de produção do texto, no que diz respeito ao lugar social a ser assumido e à imagem que se pretende passar a respeito de si mesmo, ao leitor pretendido, ao veículo e mídia em que o texto ou produção cultural vai circular, ao contexto imediato e sócio-histórico mais geral, ao gênero textual em questão e suas regularidades, à variedade linguística apropriada a esse contexto e ao uso do conhecimento dos aspectos notacionais (ortografia padrão, pontuação adequada, mecanismos de concordância nominal e verbal, regência verbal etc.), sempre que o contexto o exigir. 1, 3."
EM13LP14,Língua Portuguesa,"Produzir e analisar textos orais, considerando sua adequação aos contextos de produção, à forma composicional e ao estilo do gênero em questão, à clareza, à progressão temática e à variedade linguística empregada, como também aos elementos relacionados à fala (modulação de voz, entonação, ritmo, altura e intensidade, respiração etc.) e à cinestesia (postura corporal, movimentos e gestualidade significativa, expressão facial, contato de olho com plateia etc.). 1, 4."
EM13LP15,Língua Portuguesa,"Elaborar roteiros para a produção de vídeos variados (vlog, videoclipe, videominuto, documentário etc.), apresentações teatrais, narrativas multimídia e transmídia, podcasts, playlists comentadas etc., para ampliar as possibilidades de produção de sentidos e engajar-se de forma reflexiva em práticas autorais e coletivas. 3, 7."
EM13LP16,Língua Portuguesa,"Utilizar softwares de edição de textos, fotos, vídeos e áudio, além de ferramentas e ambientes colaborativos para criar textos e produções multissemióticas com finalidades diversas, explorando os recursos e efeitos disponíveis e apropriando-se de práticas colaborativas de escrita, de construção coletiva do conhecimento e de desenvolvimento de projetos. 7."
EM13LP17,Língua Portuguesa,"Analisar o fenômeno da variação linguística, em seus diferentes níveis (variação fonético-fonológica, lexical, sintática, semântica e estilístico-pragmática) e em suas diferentes dimensões (regional, histórica, social, situacional, ocupacional, etária etc.), de forma a ampliar a compreensão sobre a natureza viva e dinâmica da língua e sobre o fenômeno da constituição de variedades linguísticas de prestígio e estigmatizadas, e a fundamentar o respeito às variedades linguísticas e o combate a preconceitos linguísticos. 4 501 LINGUAGENS E SUAS TECNOLOGIAS – LÍNGUA PORTUGUESA ENSINO MÉDIO CAMPO DA VIDA PESSOAL Para além das habilidades indicadas a seguir, outras devem ser consideradas também em relação a este campo. São elas as relativas: a ações mencionadas no escopo desse campo na apresentação da área e à realização de debates e discussões de temas de interesse dos jovens; à elaboração de propostas de ações e de projetos culturais e de intervenção; à análise situada da legislação; e ao levantamento de dados de diferentes naturezas. Todas estão descritas nos campos de atuação na vida pública e das práticas de estudo e pesquisa. Assim, na análise situada de textos legais, o Estatuto da Juventude deve ter destaque, com base no contexto social e histórico (brasileiro e latino-americano) de sua promulgação. Além disso: na discussão de ações e políticas públicas, devem ser privilegiadas políticas públicas para a juventude; os fóruns de discussão, debates e palestras devem contemplar a condição juvenil, como também temas de preocupações e curiosidades dos jovens; a produção de textos reivindicatórios pode incluir eventuais demandas por equipamentos e programações culturais, de espaços de lazer e de práticas das culturas corporais. Além dos já mencionados, ganha destaque o domínio de gêneros e produções como perfis, apresentações pessoais, relatos autobiográficos, mapas (e outras formas de registro) comentados e dinâmicos, almanaques, playlists comentadas de produções culturais diversas, fanzines, e-zines (esses três últimos também considerados na esfera artístico-literária), entre outras possibilidades. Parâmetros para a organização/progressão curricular • Garantir espaço, ao longo dos três anos, para que os estudantes possam: » saber sobre a condição juvenil e sobre as representações sobre jovens e juventudes; discutir sobre temáticas vinculadas a questões que os preocupam ou instigam sua curiosidade, privilegiando as que tiverem maior repercussão entre os estudantes; » saber sobre si, com foco na retomada da trajetória de formação (aprendizagens mais significativas, dentro e fora da escola, interesses, potências e necessidades), dos modos privilegiados de expressão etc.; » partilhar gostos e interesses, de forma a oportunizar vivências, situações de partilha (e de trato com o diferente), promoções de eventos ou projetos culturais, análises e/ou proposições de ações de políticas públicas culturais, projetos de intervenção social, entre outras possibilidades; » levantar dados, informações e discussões sobre profissões e ocupações contemporâneas de interesse dos estudantes e, em especial, de profissões que atuam na área de linguagens (docência, tutoria, produção/edição de objetos digitais de aprendizagem, de materiais didáticos, mediação cultural etc.). 502 BASE NACIONAL COMUM CURRICULAR • Promover, ao longo dos três anos, trato e vivência com produções culturais e artísticas cujo interesse e gosto se mostrem constituídos, como também experimentação de novas possibilidades. • Garantir que diferentes gêneros e formas de expressão das culturas juvenis tenham lugar ao longo dos anos. • Prever o trato qualificado com diferentes semioses, ferramentas e ambientes digitais – editores de áudio, vídeo, foto e gráfico, wiki, ferramenta de gif, de linha do tempo, agregador de conteúdo etc. CAMPO DA VIDA PESSOAL PRÁTICAS Leitura, escuta, produção de textos (orais, escritos, multissemióticos) e análise linguística/semiótica Habilidades Competências específicas."
EM13LP18,Língua Portuguesa,"Apresentar-se por meio de textos multimodais diversos (perfis variados, gifs biográficos, biodata, currículo web, videocurrículo etc.) e de ferramentas digitais (ferramenta de gif, wiki, site etc.), para falar de si de formas variadas, considerando diferentes situações e objetivos. 3."
EM13LP19,Língua Portuguesa,"Compartilhar gostos, interesses, práticas culturais, temas/ problemas/questões que despertam maior interesse ou preocupação, respeitando e valorizando diferenças, como forma de identificar afinidades e interesses comuns, como também de organizar e/ou participar de grupos, clubes, oficinas e afins. 2, 3."
EM13LP20,Língua Portuguesa,"Produzir, de forma colaborativa, e socializar playlists comentadas de preferências culturais e de entretenimento, revistas culturais, fanzines, e-zines ou publicações afins que divulguem, comentem e avaliem músicas, games, séries, filmes, quadrinhos, livros, peças, exposições, espetáculos de dança etc., de forma a compartilhar gostos, identificar afinidades, fomentar comunidades etc. 1, 6."
EM13LP21,Língua Portuguesa,"Construir e/ou atualizar, de forma colaborativa, registros dinâmicos (mapas, wiki etc.) de profissões e ocupações de seu interesse (áreas de atuação, dados sobre formação, fazeres, produções, depoimentos de profissionais etc.) que possibilitem vislumbrar trajetórias pessoais e profissionais. 3 503 LINGUAGENS E SUAS TECNOLOGIAS – LÍNGUA PORTUGUESA ENSINO MÉDIO CAMPO DE ATUAÇÃO NA VIDA PÚBLICA Trata-se de consolidar habilidades relativas à participação e atuação política e social, ao debate qualificado e ético de ideias, à consciência dos direitos e deveres e à reclamação de direitos, por meio de: • compreensão dos interesses que movem a esfera política em seus diferentes níveis e instâncias, das formas de participação institucionalizadas e não institucionalizadas, incluindo manifestações culturais e artísticas e intervenções urbanas; • participação em diversos canais (incluindo digitais) e instâncias, seja na forma de acompanhamento de políticos e de desenvolvimento de projetos e políticas, seja na discussão de temas, propostas, ações, projetos, projetos de lei, programas ou políticas, relativos a temáticas gerais de interesse coletivo e, em especial, vinculados à juventude; • envolvimento com questões de interesse coletivo e público e compreensão do contexto de promulgação dos Direitos Humanos, do Estatuto da Juventude e das políticas afirmativas, como forma de valorizar a democracia e uma atuação pautada pela ética da responsabilidade; • desenvolvimento de habilidades e aprendizagem de procedimentos envolvidos na leitura/escuta e produção de textos pertencentes a gêneros relacionados à proposição, debate, aprovação e implementação de propostas e projetos de lei, à defesa e reclamação de direitos e à elaboração de projetos culturais e de intervenção de diferentes naturezas. Trata-se também de fomentar experiências significativas e contextualizadas de exercício do protagonismo juvenil, por meio da articulação com os outros campos, as demais áreas do currículo e os interesses e escolhas pessoais dos jovens. Essas habilidades mais gerais envolvem a ampliação do domínio contextualizado de gêneros já considerados em outros campos – palestra, apresentação oral, comunicação, notícia, reportagem, artigo de opinião, cartaz, spot, anúncio (de campanhas variadas) – e de outros gêneros, como discussão oral, debate, programa de governo, programa político, lei, projeto de lei, estatuto, regimento, projeto de intervenção social, carta aberta, carta de reclamação, abaixo-assinado, petição on-line, requerimento, fala em assembleias e reuniões, edital, proposta, ata, parecer, recurso administrativo, enquete, relatório etc. A utilização desses gêneros supõe o reconhecimento de sua função social e a análise relativa à forma como se organizam, aos recursos e elementos linguísticos e às demais semioses – elementos envolvidos na tessitura de textos pertencentes a esses gêneros –, visando consolidar e ampliar as aprendizagens iniciadas no Ensino Fundamental. 504 BASE NACIONAL COMUM CURRICULAR Parâmetros para a organização/progressão curricular • Garantir espaço, ao longo dos três anos, para que os estudantes possam: » organizar, participar e/ou intervir em situações de discussão e debates; » analisar histórico de candidatos (por meio de ferramentas e plataformas de fiscalização/acompanhamento, entre outras possibilidades), programas políticos – identificação de prioridades e intencionalidades (o que se pretende fazer/ implementar, por que, para quê, como etc.), as consequências do que está sendo proposto, a forma de avaliar a eficácia e/ou o impacto das propostas, contraste de dados, informações e propostas, validade dos argumentos utilizados etc. – e/ou propaganda política (identificação dos recursos linguísticos e semióticos utilizados e os efeitos de sentido que podem provocar, avaliação da viabilidade e pertinência das propostas apresentadas, explicitando os efeitos de persuasão próprios dos discursos políticos e publicitários, que podem se sobrepor a análises críticas); » analisar e/ou propor itens de políticas públicas, leis, projetos de leis, programas, projetos culturais e/ou de intervenção social, sobretudo os que envolvem a juventude; » produzir textos reivindicatórios, de reclamação, de denúncia de desrespeito a direitos e de peças ou campanhas sociais, dependendo do que for mais significativo, levando em conta demandas locais e a articulação com o trabalho em outros campos de atuação social e áreas do conhecimento. • Incentivar, prever e promover a participação significativa em alguma instância ou canal de participação da escola (conselho de representante, de escola, outros colegiados, grêmio livre), da comunidade (associações, coletivos, movimentos etc.), do munícipio ou do País (fóruns e audiências públicas variadas), incluindo formas de participação digital (canais ou plataformas de participação, como o portal e-cidadania, serviços, portais e ferramentas de fiscalização e acompanhamentos do trabalho de políticos e de tramitação de leis, canais de educação política etc.), de forma que os estudantes possam vivenciar processos coletivos de tomada de decisão, debates de ideias e propostas e engajar-se com o acompanhamento e a fiscalização da gestão pública e com a busca de soluções para problemas ou questões que envolvam a coletividade. • Prever o trato com diferentes ferramentas e ambientes digitais de participação e de fiscalização. • Oportunizar a vivência de diferentes papéis em debates regrados (membro de uma equipe de debatedor, debatedor, apresentador/mediador, espectador – com ou sem direito a perguntas –, juiz/avaliador). 505 LINGUAGENS E SUAS TECNOLOGIAS – LÍNGUA PORTUGUESA ENSINO MÉDIO CAMPO DE ATUAÇÃO NA VIDA PÚBLICA PRÁTICAS Leitura, escuta, produção de textos (orais, escritos, multissemióticos) e análise linguística/semiótica Habilidades Competências específicas."
EM13LP22,Língua Portuguesa,"Analisar o histórico e o discurso político de candidatos e de partidos, como também propagandas políticas e programas e propostas de governo, de forma a participar do debate político e tomar decisões fundamentadas. 1, 7."
EM13LP23,Língua Portuguesa,"Analisar formas não institucionalizadas de participação social, sobretudo as vinculadas a manifestações artísticas, produções culturais, intervenções urbanas e formas de expressão típica das culturas juvenis que pretendam expor uma problemática ou promover uma reflexão/ação, posicionando-se em relação a essas produções e manifestações. 1."
EM13LP24,Língua Portuguesa,"Participar de reuniões na escola (conselho de escola e de classe, grêmio livre etc.), agremiações, coletivos ou movimentos, entre outros, em debates, assembleias, fóruns de discussão etc., exercitando a escuta atenta, respeitando seu turno e tempo de fala, posicionando-se de forma fundamentada, respeitosa e ética diante da apresentação de propostas e defesas de opiniões, usando estratégias linguísticas típicas de negociação e de apoio e/ou de consideração do discurso do outro (como solicitar esclarecimento, detalhamento, fazer referência direta ou retomar a fala do outro, parafraseando-a para endossá-la, enfatizá-la, complementá-la ou enfraquecê-la), considerando propostas alternativas e reformulando seu posicionamento, quando for caso, com vistas ao entendimento e ao bem comum. 1, 2, 3."
EM13LP25,Língua Portuguesa,"Relacionar textos e documentos legais e normativos de âmbito universal, nacional, local ou escolar que envolvam a definição de direitos e deveres – em especial, os voltados a adolescentes e jovens – aos seus contextos de produção, identificando ou inferindo possíveis motivações e finalidades, como forma de ampliar a compreensão desses direitos e deveres. 1."
EM13LP26,Língua Portuguesa,"Engajar-se na busca de solução de problemas que envolvam a coletividade, denunciando o desrespeito a direitos, organizando e/ou participando de discussões, campanhas e debates, produzindo textos reivindicatórios, normativos, dentre outras possibilidades, como forma de fomentar os princípios democráticos e uma atuação pautada pe la ética da responsabilidade. 3 506 BASE NACIONAL COMUM CURRICULAR CAMPO DAS PRÁTICAS DE ESTUDO E PESQUISA Trata-se de ampliar e qualificar a participação dos estudantes nas práticas relativas ao estudo e à pesquisa*, de forma significativa e na articulação com outras áreas e com os projetos e escolhas pessoais dos jovens. A proposta é fomentar a curiosidade intelectual e o desenvolvimento de uma autonomia de estudo e de pensamento, principalmente por meio da(do): • desenvolvimento de habilidades relacionadas à análise, síntese, reflexão e problematização no contexto de estudo e da produção e divulgação científica; • compreensão do que é preciso saber/conhecer e do porquê/para quê deve sabê-lo/conhecê-lo, tendo em vista diferentes objetivos e o estabelecimento de procedimentos de estudos com vistas a uma autonomia relativa à construção do conhecimento; • incremento dos processos de busca e seleção de informações, não somente no que diz respeito à curadoria de informações, confiabilidade etc., mas também no estabelecimento do recorte e do foco no que é essencial e efetivamente necessário, tendo em vista a abundância de informações e dados, referências e informações disponíveis nos ambientes digitais; • desenvolvimento de habilidades relacionadas ao recorte de questões de pesquisa, coleta de dados/busca de informação, tratamento de dados e informações e socialização do conhecimento produzido; • domínio de procedimentos, gêneros e práticas de linguagem relacionadas a diferentes tipos de pesquisa: bibliográfica, experimental, de campo etc. Essas habilidades mais gerais envolvem o domínio progressivo e contextualizado de procedimentos de pesquisa e de gêneros já considerado no Ensino Fundamental, como apresentação oral, palestra, mesa redonda, debate, artigo de divulgação científica, artigo científico, artigo de opinião, ensaio, reportagem de divulgação científica, texto didático, infográfico, esquema, relatório, relato (multimidiático) de campo, documentário, cartografia animada, podcasts e vídeos diversos de divulgação científica, muitos deles propostos apenas para situações de leitura/escuta, mas que, no Ensino Médio, são propostos, também, em situações de produção. * Pesquisa, neste contexto, inclui tanto procedimentos relacionados à busca simples (mas confiável) de informações, envolvendo comparações e seleções, para responder diretamente a uma questão – um dos sentidos do termo “pesquisa” –, quanto procedimentos que envolvem algum método para a busca mais minuciosa e acurada de respostas a questões mais complexas, não respondíveis diretamente. No âmbito da escola, ao contrário do que acontece em contextos acadêmicos, cabe a pesquisa envolvendo questões/problemas/conhecimentos já consolidados pelas ciências de referência, como forma de possibilitar a vivência de procedimentos de investigação e de resolução de problemas. Contudo, devem ter lugar também pesquisas envolvendo a produção de novos conhecimentos pertinentes às comunidades e aos contextos locais, às culturas juvenis, aos recortes específicos de temas de interesse dos jovens etc. 507 LINGUAGENS E SUAS TECNOLOGIAS – LÍNGUA PORTUGUESA ENSINO MÉDIO Cabe também ampliar a compreensão dos jovens sobre a linguagem e a língua, vistas como objetos de pesquisa. Dessa forma, contribui-se para a compreensão de procedimentos de investigação da área e para o entendimento de que os conhecimentos sobre as línguas e as linguagens são construções humanas situadas sócio-historicamente. Sendo assim, elas são passíveis de interpretação e mudança, não se constituindo em verdades únicas e imutáveis e contribuindo para o desenvolvimento da competência específica 1. Parâmetros para a organização/progressão curriculares • Intensificar a vivência com o uso de diferentes procedimentos e gêneros de apoio à compreensão, tendo em vista os objetivos em questão e as características do texto dado à leitura/estudo, articulando com atividades das outras áreas do conhecimento e com projetos pessoais. • Considerar, ao longo dos anos, a ampliação e o suporte na seleção de fontes balizadas de informação e conhecimento – livros paradidáticos, de referência, repositórios/ referatórios de objetos digitais de aprendizagem, plataformas educacionais, canais educacionais e de vídeos de divulgação científica etc. • Propiciar aos estudantes experimentar diferentes tipos de pesquisa, inclusive propondo projetos de livre escolha, articulando com atividades de outras áreas do conhecimento. • Considerar a diversidade de gêneros escritos, orais e multissemióticos ao longo dos três anos nas práticas de leitura, escuta e produção propostas. • Diversificar gêneros, suportes e mídias definidos para a socialização dos estudos e pesquisas: orais (seminário, apresentação, debate etc.), escritos (monografia, ensaio, artigo de divulgação científica, relatório, artigo de opinião, reportagem científica etc.) e multissemióticos (videominuto, documentário, vlog científico, podcast, relato multimidiático de campo, verbete de enciclopédia digital colaborativa, revista digital, fotorreportagem, foto-denúncia etc.). • Diversificar o tipo de recurso de apoio: apresentações multissemióticas com uso de slides, apresentações não lineares, apresentações só com uso imagens (com número e tempo de exposição determinados), que contem com o uso de vários tipos de imagens, animações, áudios e vídeos (produzidos e de terceiros) etc. • Diversificar o tipo de apresentação – expositiva, dialogada e interativa –, de maneira a demandar diferentes tipos de participação da audiência. 508 BASE NACIONAL COMUM CURRICULAR CAMPO DAS PRÁTICAS DE ESTUDO E PESQUISA PRÁTICAS Leitura, escuta, produção de textos (orais, escritos, multissemióticos) e análise linguística/semiótica Habilidades Competências específicas."
EM13LP27,Língua Portuguesa,"Organizar situações de estudo e utilizar procedimentos e estratégias de leitura adequados aos objetivos e à natureza do conhecimento em questão. 3, 7."
EM13LP28,Língua Portuguesa,"Resumir e resenhar textos, com o manejo adequado das vozes envolvidas (do autor da obra e do resenhador), por meio do uso de paráfrases, marcas do discurso reportado e citações, para uso em textos de divulgação de estudos e pesquisas. 2, 3."
EM13LP29,Língua Portuguesa,"Realizar pesquisas de diferentes tipos (bibliográfica, de campo, experimento científico, levantamento de dados etc.), usando fontes abertas e confiáveis, registrando o processo e comunicando os resultados, tendo em vista os objetivos colocados e demais elementos do contexto de produção, como forma de compreender como o conhecimento científico é produzido e apropriar-se dos procedimentos e dos gêneros textuais envolvidos na realização de pesquisas. 7."
EM13LP30,Língua Portuguesa,"Compreender criticamente textos de divulgação científica orais, escritos e multissemióticos de diferentes áreas do conhecimento, identificando sua organização tópica e a hierarquização das informações, questionando fontes não confiáveis e problematizando enfoques tendenciosos ou superficiais. 1."
EM13LP31,Língua Portuguesa,"Selecionar informações e dados necessários para uma dada pesquisa (sem excedê-los) em diferentes fontes (orais, impressas, digitais etc.) e comparar autonomamente esses conteúdos, levando em conta seus contextos de produção, referências e índices de confiabilidade, e percebendo coincidências, complementaridades, contradições, erros ou imprecisões conceituais e de dados, de forma a compreender e posicionar-se criticamente sobre esses conteúdos e estabelecer recortes precisos. 7 509 LINGUAGENS E SUAS TECNOLOGIAS – LÍNGUA PORTUGUESA ENSINO MÉDIO CAMPO DAS PRÁTICAS DE ESTUDO E PESQUISA PRÁTICAS Leitura, escuta, produção de textos (orais, escritos, multissemióticos) e análise linguística/semiótica Habilidades Competências específicas."
EM13LP32,Língua Portuguesa,"Selecionar, elaborar e utilizar instrumentos simples de coleta de dados e informações (questionários, enquetes, mapeamentos, opinários) e de tratamento e análise dos conteúdos obtidos, que atendam adequadamente a diferentes objetivos de pesquisa. 3."
EM13LP33,Língua Portuguesa,"Produzir textos para a divulgação do conhecimento e de resultados de levantamentos e pesquisas – texto monográfico, ensaio, artigo de divulgação científica, verbete de enciclopédia (colaborativa ou não), infográfico (estático ou animado), relato de experimento, relatório, relatório multimidiático de campo, reportagem científica, podcast ou vlog científico, apresentações orais, seminários, comunicações em mesas redondas, mapas dinâmicos etc. –, considerando o contexto de produção e utilizando os conhecimentos sobre os gêneros de divulgação científica, de forma a engajar-se em processos significativos de socialização e divulgação do conhecimento. 3."
EM13LP34,Língua Portuguesa,"Utilizar adequadamente ferramentas de apoio a apresentações orais, escolhendo e usando tipos e tamanhos de fontes que permitam boa visualização, topicalizando e/ou organizando o conteúdo em itens, inserindo de forma adequada imagens, gráficos, tabelas, formas e elementos gráficos, dimensionando a quantidade de texto e imagem por slide e usando, de forma harmônica, recursos (efeitos de transição, slides mestres, layouts personalizados, gravação de áudios em slides etc.). 7 510 BASE NACIONAL COMUM CURRICULAR CAMPO JORNALÍSTICO-MIDIÁTICO Trata-se de ampliar as possibilidades de participação dos jovens nas práticas relativas ao trato com a informação e opinião, as quais estão no centro da esfera jornalística/ midiática. Para além de consolidar habilidades envolvidas na escuta, leitura e produção de textos que circulam no campo, o que se pretende é propiciar experiências que mantenham os jovens interessados pelos fatos que acontecem na sua comunidade, na sua cidade e no mundo e que afetam as vidas das pessoas. Pretende-se que os jovens incorporem em suas vidas a prática de escuta, leitura e produção de textos pertencentes a gêneros da esfera jornalística em diferentes fontes, veículos e mídias, e desenvolvam autonomia e pensamento crítico para se situar em relação a interesses e posicionamentos diversos. Também está em jogo a produção de textos noticiosos, opinativos e a participação em discussões e debates de forma ética e respeitosa. Fenômenos e práticas relacionadas às redes sociais também devem ser tematizados, assim como devem ser vislumbrados usos mais colaborativos das redes. Vários são os gêneros possíveis de serem contemplados em atividades de leitura e produção de textos. Além dos gêneros já elencados para o Ensino Fundamental (entrevista, reportagem, fotorreportagem, foto-denúncia, artigo de opinião, editorial, resenha crítica, crônica, comentário, debate, vlog noticioso, vlog cultural, meme, charge, charge digital, political remix, anúncio publicitário, propaganda, jingle, spot, entre outros), devem ter espaço gêneros mais complexos relacionados com a apuração e o relato de fatos e situações (reportagem multimidiática, documentário) e/ou com a opinião (crítica da mídia, ensaio e vlog de opinião etc.), tanto no que se refere a práticas de leitura/recepção quanto às de produção. Ainda com relação a esse campo, trata-se também de compreender as formas de persuasão do discurso publicitário e o apelo ao consumo, incluindo discussões sobre as formas contemporâneas de publicidade utilizadas nas várias mídias e ambientes digitais. Parâmetros para a organização/progressão curriculares • Possibilitar que, ao longo dos anos, os estudantes experimentem, de forma significativa, diferentes papéis envolvendo a circulação de informação e opinião: repórter, fotorrepórter, editor, comentador, articulista, curador, leitor (que compartilha, comenta e avalia), crítico de produções culturais, booktuber, vlogger e outros. • Considerar a diversidade de gêneros escritos, orais e multimodais ao longo dos três anos, buscando o equilíbrio entre os informativos, argumentativos e apreciativos, entre os mais complexos (documentários, reportagem multimidiática, ensaio etc.) e os menos complexos. 511 LINGUAGENS E SUAS TECNOLOGIAS – LÍNGUA PORTUGUESA ENSINO MÉDIO • Possibilitar que vivenciem processos colaborativos de apuração de fatos tidos como de relevância social, por meio de coberturas diretas, entrevistas, levantamentos de dados e afins e tratamento e divulgação de informações sobre esses fatos, utilizando ferramentas de escrita colaborativa e de curadoria e agregadores de conteúdos. • Considerar produções que envolvam diferentes mídias, de forma que os jovens possam manipular editores de texto, foto, áudio, vídeo, infográfico e de outros tipos e explorar elementos e características das diferentes linguagens envolvidas e os efeitos de sentido que podem provocar, de forma a poder ampliar as possibilidades de análise e concretização de diferentes projetos enunciativos envolvendo a divulgação de relato de fatos ou atitude responsiva em relação aos relatos e opiniões em circulação. CAMPO JORNALÍSTICO-MIDIÁTICO PRÁTICAS Leitura, escuta, produção de textos (orais, escritos, multissemióticos) e análise linguística/semiótica Habilidades Competências específicas."
EM13LP35,Língua Portuguesa,"Analisar os interesses que movem o campo jornalístico, os impactos das novas tecnologias no campo e as condições que fazem da informação uma mercadoria e da checagem de informação uma prática (e um serviço) essencial, adotando atitude analítica e crítica diante dos textos jornalísticos. 2."
EM13LP36,Língua Portuguesa,"Conhecer e analisar diferentes projetos editorias – institucionais, privados, públicos, financiados, independentes etc. –, de forma a ampliar o repertório de escolhas possíveis de fontes de informação e opinião, reconhecendo o papel da mídia plural para a consolidação da democracia. 2."
EM13LP37,Língua Portuguesa,"Analisar os diferentes graus de parcialidade/imparcialidade (no limite, a não neutralidade) em textos noticiosos, comparando relatos de diferentes fontes e analisando o recorte feito de fatos/dados e os efeitos de sentido provocados pelas escolhas realizadas pelo autor do texto, de forma a manter uma atitude crítica diante dos textos jornalísticos e tornar-se consciente das escolhas feitas como produtor. 1, 2."
EM13LP38,Língua Portuguesa,"Usar procedimentos de checagem de fatos noticiados e fotos publicadas (verificar/avaliar veículo, fonte, data e local da publicação, autoria, URL, formatação; comparar diferentes fontes; consultar ferramentas e sites checadores etc.), de forma a combater a proliferação de notícias falsas (fake news). 7."
EM13LP39,Língua Portuguesa,"Analisar o fenômeno da pós-verdade – discutindo as condições e os mecanismos de disseminação de fake news e também exemplos, causas e consequências desse fenômeno e da prevalência de crenças e opiniões sobre fatos –, de forma a adotar atitude crítica em relação ao fenômeno e desenvolver uma postura flexível que permita rever crenças e opiniões quando fatos apurados as contradisserem. 2, 7 512 BASE NACIONAL COMUM CURRICULAR CAMPO JORNALÍSTICO-MIDIÁTICO PRÁTICAS Leitura, escuta, produção de textos (orais, escritos, multissemióticos) e análise linguística/semiótica Habilidades Competências específicas."
EM13LP40,Língua Portuguesa,"Analisar os processos humanos e automáticos de curadoria que operam nas redes sociais e outros domínios da internet, comparando os feeds de diferentes páginas de redes sociais e discutindo os efeitos desses modelos de curadoria, de forma a ampliar as possibilidades de trato com o diferente e minimizar o efeito bolha e a manipulação de terceiros. 7."
EM13LP41,Língua Portuguesa,"Acompanhar, analisar e discutir a cobertura da mídia diante de acontecimentos e questões de relevância social, local e global, comparando diferentes enfoques e perspectivas, por meio do uso de ferramentas de curadoria de informação (como agregadores de conteúdo) e da consulta a serviços e fontes de checagem e curadoria de informação, de forma a aprofundar o entendimento sobre um determinado fato ou questão, identificar o enfoque preponderante da mídia e manter-se implicado, de forma crítica, com os fatos e as questões que afetam a coletividade. 2."
EM13LP42,Língua Portuguesa,"Atuar de forma fundamentada, ética e crítica na produção e no compartilhamento de comentários, textos noticiosos e de opinião, memes, gifs, remixes variados etc. em redes sociais ou outros ambientes digitais. 7."
EM13LP43,Língua Portuguesa,"Analisar formas contemporâneas de publicidade em contexto digital e peças de campanhas publicitárias e políticas (cartazes, folhetos, anúncios, propagandas em diferentes mídias, spots, jingles etc.), explicando os mecanismos de persuasão utilizados e os efeitos de sentido provocados pelas escolhas feitas em termos de elementos e recursos linguístico-discursivos, imagéticos, sonoros, gestuais e espaciais, entre outros, e destacando valores e representações de situações, grupos e configurações sociais veiculadas, a fim de desconstruir eventuais estereótipos e proceder a uma avaliação crítica da publicidade e das práticas de consumo. 1, 7."
EM13LP44,Língua Portuguesa,"Analisar, discutir, produzir e socializar, tendo em vista temas e acontecimentos de interesse local ou global, notícias, fotodenúncias, fotorreportagens, reportagens multimidiáticas, documentários, infográficos, podcasts noticiosos, artigos de opinião, críticas da mídia, vlogs de opinião, textos de apresentação e apreciação de produções culturais (resenhas, ensaios etc.) e outros gêneros próprios das formas de expressão das culturas juvenis (vlogs e podcasts culturais, gameplay etc.), em várias mídias, vivenciando de forma significativa o papel de repórter, analista, crítico, editorialista ou articulista, leitor, vlogueiro e booktuber, entre outros. 1, 3 513 LINGUAGENS E SUAS TECNOLOGIAS – LÍNGUA PORTUGUESA ENSINO MÉDIO CAMPO ARTÍSTICO-LITERÁRIO Neste campo, trata-se, principalmente, de levar os estudantes a ampliar seu repertório de leituras e selecionar obras significativas para si, conseguindo apreender os níveis de leitura presentes nos textos e os discursos subjacentes de seus autores. Ao engajar-se mais criticamente, os jovens podem atualizar os sentidos das obras, possibilitando compartilhá-las em redes sociais, na escola e diálogos com colegas e amigos. Trata-se, portanto, além da apropriação para si, de desfrutar também dos modos de execução das obras, que ocorre com a ajuda de procedimentos de análise linguística e semiótica. A prática da leitura literária, assim como de outras linguagens, deve ser capaz também de resgatar a historicidade dos textos: produção, circulação e recepção das obras literárias, em um entrecruzamento de diálogos (entre obras, leitores, tempos históricos) e em seus movimentos de manutenção da tradição e de ruptura, suas tensões entre códigos estéticos e seus modos de apreensão da realidade. Espera-se que os leitores/fruidores possam também reconhecer na arte formas de crítica cultural e política, uma vez que toda obra expressa, inevitavelmente, uma visão de mundo e uma forma de conhecimento, por meio de sua construção estética. Para encontrar modos de experimentar e posicionar-se, os estudantes podem participar de eventos e práticas artísticas coletivas, mediante sua própria produção artística, combinando a escrita literária com outras formas semióticas de expressão. Desse modo, eles podem expor suas preferências ideológicas e estéticas e consolidar um conjunto de valores e conhecimento da língua e da arte. No Ensino Médio, devem ser introduzidas para fruição e conhecimento, ao lado da literatura africana, afro-brasileira, indígena e da literatura contemporânea, obras da tradição literária brasileira e de língua portuguesa, de um modo mais sistematizado, em que sejam aprofundadas as relações com os períodos históricos, artísticos e culturais. Essa tradição, em geral, é constituída por textos clássicos, que se perfilaram como canônicos – obras que, em sua trajetória até a recepção contemporânea, mantiveram-se reiteradamente legitimadas como elemento expressivo de suas épocas. Nesse sentido, a tradição literária tem importância não só por sua condição de patrimônio, mas também por possibilitar a apreensão do imaginário e das formas de sensibilidade de uma determinada época, de suas formas poéticas e das formas de organização social e cultural do Brasil, sendo ainda hoje capazes de tocar os leitores nas emoções e nos valores. Além disso, tais obras proporcionam o contato com uma linguagem que amplia o repertório linguístico dos jovens e oportuniza novas potencialidades e experimentações de uso da língua, no contato com as ambiguidades da linguagem e seus múltiplos arranjos. Está em jogo, também, nesta etapa, um trabalho mais sistemático com a escrita literária, o fazer poético, cujo trabalho é lento e demanda seleções e experimentações 514 BASE NACIONAL COMUM CURRICULAR de conteúdo e de recursos linguísticos variados, tendo em vista um interlocutor. Com isso, tais escolhas podem funcionar como processo de autoconhecimento, ao mobilizar ideias, sentimentos e emoções. Parâmetros para a organização/progressão curricular • Diversificar, ao longo do Ensino Médio, produções das culturas juvenis contemporâneas (slams, vídeos de diferentes tipos, playlists comentadas, raps e outros gêneros musicais etc.), minicontos, nanocontos, best-sellers, literatura juvenil brasileira e estrangeira, incluindo entre elas a literatura africana de língua portuguesa, a afro-brasileira, a latino-americana etc., obras da tradição popular (versos, cordéis, cirandas, canções em geral, contos folclóricos de matrizes europeias, africanas, indígenas etc.) que possam aproximar os estudantes de culturas que subjazem na formação identitária de grupos de diferentes regiões do Brasil. • Ampliar o repertório de clássicos brasileiros e estrangeiros com obras mais complexas que representem desafio para os estudantes do ponto de vista dos códigos linguísticos, éticos e estéticos. • Estabelecer seleções em perspectivas comparativas e dialógicas, que considerem diferentes gêneros literários, culturas e temas. • Abordar obras de diferentes períodos históricos, que devem ser apreendidas em suas dimensões sincrônicas e diacrônicas para estabelecer relações com o que veio antes e o que virá depois. • Propor a leitura de obras significativas da literatura brasileira, contextualizando sua época, suas condições de produção, circulação e recepção, tanto no eixo diacrônico quanto sincrônico, ficando a critério local estabelecer ou não a abordagem do conjunto de movimentos estéticos, obras e autores, de forma linear, crescente ou decrescente, desde que a leitura efetiva de obras selecionadas não seja prejudicada. • Encontrar outros tempos e espaços para contemplar a escrita literária, considerando ferramentas e ambientes digitais, além de outros formatos – oficinas de criação, laboratórios ou projetos de escritas literárias, comunidades de escritores etc. Trata-se de lidar com um fazer poético que, conforme já foi explicado, é uma forma de produção lenta e que demanda seleções de conteúdo e de recursos linguísticos variados. Assim sendo, essas escolhas podem funcionar como processo de autoconhecimento, no ir e vir da busca das palavras certas para revelar uma ideia, um sentimento e uma emoção, na experimentação de uma forma de composição, de uma sintaxe e de um léxico. Esse processo pode até mesmo envolver a quebra intencional de algumas das características estáveis dos gêneros, a hibridização de gêneros ou o uso de recursos literários em textos ligados a outros campos, como forma de provocar efeitos de sentidos diversos na escrita de textos pertencentes aos mais diferentes gêneros discursivos, não apenas os da esfera literária. 515 LINGUAGENS E SUAS TECNOLOGIAS – LÍNGUA PORTUGUESA ENSINO MÉDIO CAMPO ARTÍSTICO-LITERÁRIO PRÁTICAS Leitura, escuta, produção de textos (orais, escritos, multissemióticos) e análise linguística/semiótica Habilidades Competências específicas."
EM13LP45,Língua Portuguesa,"Compartilhar sentidos construídos na leitura/escuta de textos literários, percebendo diferenças e eventuais tensões entre as formas pessoais e as coletivas de apreensão desses textos, para exercitar o diálogo cultural e aguçar a perspectiva crítica. 6."
EM13LP46,Língua Portuguesa,"Participar de eventos (saraus, competições orais, audições, mostras, festivais, feiras culturais e literárias, rodas e clubes de leitura, cooperativas culturais, jograis, repentes, slams etc.), inclusive para socializar obras da própria autoria (poemas, contos e suas variedades, roteiros e microrroteiros, videominutos, playlists comentadas de música etc.) e/ou interpretar obras de outros, inserindo-se nas diferentes práticas culturais de seu tempo. 3, 6."
EM13LP47,Língua Portuguesa,"Analisar assimilações e rupturas no processo de constituição da literatura brasileira e ao longo de sua trajetória, por meio da leitura e análise de obras fundamentais do cânone ocidental, em especial da literatura portuguesa, para perceber a historicidade de matrizes e procedimentos estéticos. 1, 6."
EM13LP48,Língua Portuguesa,"Perceber as peculiaridades estruturais e estilísticas de diferentes gêneros literários (a apreensão pessoal do cotidiano nas crônicas, a manifestação livre e subjetiva do eu lírico diante do mundo nos poemas, a múltipla perspectiva da vida humana e social dos romances, a dimensão política e social de textos da literatura marginal e da periferia etc.) para experimentar os diferentes ângulos de apreensão do indivíduo e do mundo pela literatura. 1, 6."
EM13LP49,Língua Portuguesa,"Analisar relações intertextuais e interdiscursivas entre obras de diferentes autores e gêneros literários de um mesmo momento histórico e de momentos históricos diversos, explorando os modos como a literatura e as artes em geral se constituem, dialogam e se retroalimentam. 6."
EM13LP50,Língua Portuguesa,"Selecionar obras do repertório artístico-literário contemporâneo à disposição segundo suas predileções, de modo a constituir um acervo pessoal e dele se apropriar para se inserir e intervir com autonomia e criticidade no meio cultural. 3 516 BASE NACIONAL COMUM CURRICULAR CAMPO ARTÍSTICO-LITERÁRIO PRÁTICAS Leitura, escuta, produção de textos (orais, escritos, multissemióticos) e análise linguística/semiótica Habilidades Competências específicas."
EM13LP51,Língua Portuguesa,"Analisar obras significativas da literatura brasileira e da literatura de outros países e povos, em especial a portuguesa, a indígena, a africana e a latino-americana, com base em ferramentas da crítica literária (estrutura da composição, estilo, aspectos discursivos), considerando o contexto de produção (visões de mundo, diálogos com outros textos, inserções em movimentos estéticos e culturais etc.) e o modo como elas dialogam com o presente. 1, 2."
EM13LP52,Língua Portuguesa,"Produzir apresentações e comentários apreciativos e críticos sobre livros, filmes, discos, canções, espetáculos de teatro e dança, exposições etc. (resenhas, vlogs e podcasts literários e artísticos, playlists comentadas, fanzines, e-zines etc.). 1, 3."
EM13LP53,Língua Portuguesa,"Criar obras autorais, em diferentes gêneros e mídias – mediante seleção e apropriação de recursos textuais e expressivos do repertório artístico –, e/ou produções derivadas (paródias, estilizações, fanfics, fanclipes etc.), como forma de dialogar crítica e/ou subjetivamente com o texto literário. 1, 3 517 MATEMÁTICA E SUAS TECNOLOGIAS ENSINO MÉDIO 5.2. A ÁREA DE MATEMÁTICA E SUAS TECNOLOGIAS A BNCC da área de Matemática e suas Tecnologias propõe a ampliação e o aprofundamento das aprendizagens essenciais desenvolvidas até o 9º ano do Ensino Fundamental. Para tanto, coloca em jogo, de modo mais inter-relacionado, os conhecimentos já explorados na etapa anterior, de modo a possibilitar que os estudantes construam uma visão mais integrada da Matemática, ainda na perspectiva de sua aplicação à realidade. Na BNCC de Matemática do Ensino Fundamental, as habilidades estão organizadas segundo unidades de conhecimento da própria área (Números, Álgebra, Geometria, Grandezas e Medidas, Probabilidade e Estatística). Em relação aos Números, os estudantes do Ensino Fundamental têm a oportunidade de desenvolver habilidades referentes ao pensamento numérico, ampliando a compreensão a respeito dos diferentes campos e significados das operações. Para isso, propõe-se a resolução de problemas envolvendo números naturais, inteiros, racionais e reais, em diferentes contextos (do cotidiano, da própria Matemática e de outras áreas do conhecimento). Os estudantes têm também a oportunidade de desenvolver o pensamento algébrico, tendo em vista as demandas para identificar a relação de dependência entre duas grandezas em contextos significativos e comunicá-la utilizando diferentes escritas algébricas, além de resolver situações-problema por meio de equações e inequações. Em relação ao pensamento geométrico, eles desenvolvem habilidades para interpretar e representar a localização e o deslocamento de uma figura no plano cartesiano, identificar transformações isométricas e produzir ampliações e reduções de figuras. Além disso, são solicitados a formular e resolver problemas em contextos diversos, aplicando os conceitos de congruência e semelhança. No que se refere a Grandezas e Medidas, os estudantes constroem e ampliam a noção de medida, pelo estudo de diferentes grandezas, e obtêm expressões para o cálculo da medida da área de superfícies planas e da medida do volume de alguns sólidos geométricos. 518 BASE NACIONAL COMUM CURRICULAR Outro ponto enfatizado no Ensino Fundamental é o desenvolvimento do pensamento proporcional. Isso pode ser feito pela exploração de situações que oportunizem a representação, em um sistema de coordenadas cartesianas, da variação de grandezas, além da análise e caracterização do comportamento dessa variação (diretamente proporcional, inversamente proporcional ou não proporcional). No tocante à Probabilidade, os estudantes do Ensino Fundamental têm a possibilidade, desde os anos iniciais, de construir o espaço amostral de eventos equiprováveis, utilizando a árvore de possibilidades, o princípio multiplicativo ou simulações, para estimar a probabilidade de sucesso de um dos eventos. Para o desenvolvimento de habilidades relativas à Estatística, os estudantes têm oportunidades não apenas de interpretar estatísticas divulgadas pela mídia, mas, sobretudo, de planejar e executar pesquisa amostral, interpretando as medidas de tendência central, e de comunicar os resultados obtidos por meio de relatórios, incluindo representações gráficas adequadas. Além disso, a BNCC propõe que os estudantes utilizem tecnologias, como calculadoras e planilhas eletrônicas, desde os anos iniciais do Ensino Fundamental. Tal valorização possibilita que, ao chegarem aos anos finais, eles possam ser estimulados a desenvolver o pensamento computacional, por meio da interpretação e da elaboração de fluxogramas e algoritmos. Em continuidade a essas aprendizagens, no Ensino Médio o foco é a construção de uma visão integrada da Matemática, aplicada à realidade, conforme anteriormente anunciado. Nesse contexto, quando a realidade é a referência, é preciso levar em conta as vivências cotidianas dos estudantes do Ensino Médio, envolvidos, em diferentes graus dados por suas condições socioeconômicas, pelos avanços tecnológicos, pelas exigências do mercado de trabalho, pela potencialidade das mídias sociais, entre outros. Tais considerações colocam a área de Matemática e suas Tecnologias diante da responsabilidade de aproveitar todo o potencial já constituído por esses estudantes, para promover ações que estimulem e provoquem seus processos de reflexão e de abstração, que deem sustentação a modos de pensar criativos, analíticos, indutivos, dedutivos e sistêmicos e que favoreçam a tomada de decisões orientadas pela ética e o bem comum. 519 MATEMÁTICA E SUAS TECNOLOGIAS ENSINO MÉDIO Para que esses propósitos se concretizem nessa área, os estudantes devem desenvolver habilidades relativas aos processos de investigação, de construção de modelos e de resolução de problemas. Para tanto, eles devem mobilizar seu modo próprio de raciocinar, representar, argumentar, comunicar e, com base em discussões e validações conjuntas, aprender conceitos e desenvolver representações e procedimentos cada vez mais sofisticados. Assim, para o desenvolvimento de competências que envolvem o raciocinar, é necessário que os estudantes possam, em interação com seus colegas e professores, investigar, explicar e justificar os problemas resolvidos, com ênfase nos processos de argumentação matemática. Embora todas as habilidades pressuponham a mobilização do raciocínio, nem todas se restringem ao seu desenvolvimento. Assim, por exemplo, a identificação de regularidades e padrões exige, além de raciocínio, a representação e a comunicação para expressar as generalizações, bem como a construção de uma argumentação consistente para justificar o raciocínio utilizado. As competências que estão diretamente associadas a representar pressupõem a elaboração de registros para evocar um objeto matemático. Apesar de essa ação não ser exclusiva da Matemática, uma vez que todas as áreas têm seus processos de representação, é em especial nessa área que podemos verificar de forma inequívoca a importância das representações para a compreensão de fatos, de ideias e de conceitos, uma vez que o acesso aos objetos matemáticos se dá por meio delas. Nesse sentido, na Matemática, o uso dos registros de representação e das diferentes linguagens é, muitas vezes, necessário para a compreensão, resolução e comunicação de resultados de uma atividade. Por sua vez, o trânsito entre os diversos registros de representação pode favorecer que os estudantes tenham maior flexibilidade e fluidez na área e, ainda, promover o desenvolvimento do raciocínio. Após resolverem os problemas matemáticos, os estudantes precisam apresentar e justificar seus resultados, interpretar os resultados dos colegas e interagir com eles. É nesse contexto que a competência de comunicar-se ganha importância. Nas comunicações, os estudantes devem ser capazes de justificar suas conclusões não apenas pelos símbolos matemáticos e conectivos lógicos, mas também por meio da língua nativa, realizando apresentações orais dos resultados e elaborando relatórios, entre outros registros. Com relação à competência de argumentar, seu desenvolvimento pressupõe também a formulação e a testagem de conjecturas, com a apresentação de justificativas, além dos aspectos já citados anteriormente em relação às competências de raciocinar e representar. 520 BASE NACIONAL COMUM CURRICULAR No Ensino Fundamental, as habilidades da área de Matemática foram organizadas em unidades de conhecimento, tendo-se feito o esforço de apresentá-las de forma articulada, de maneira a estabelecer a devida correlação entre elas. No Ensino Médio, esses diferentes campos da Matemática são integrados de forma ainda mais consistente. Para tanto, são definidos, nessa etapa, um conjunto de pares de ideias fundamentais que produzem articulações entre os vários campos – Aritmética, Álgebra, Geometria, Probabilidade e Estatística, Grandezas e Medidas – e que são importantes para o desenvolvimento do pensamento matemático. Estes são os pares de ideias fundamentais adotados: variação e constância; certeza e incerteza; movimento e posição; relações e inter-relações. Variação e constância envolve observar, imaginar, abstrair, discernir e reconhecer características comuns e diferentes ou o que mudou e o que permaneceu invariante, expressar e representar (ou descrever) padrões, generalizando-os. Reitera-se que, como essas ideias não são exclusivas da Matemática, podem gerar integração entre as áreas. Em Matemática, as classificações que organizam, em grupos, os conceitos, as propriedades e as definições são pertinentes à variação e à constância. Portanto, é fundamental reconhecê-las e expressá-las. As perguntas que priorizam variação, ou mudanças, dizem respeito às diferenças e àquilo que é alterado. Já as que priorizam invariantes, ou constância, reportam-se àquilo que é conservado e ao que é semelhante, ou igual. Além disso, a ideia de variação e constância comporta indagações do tipo “e se fosse?”, que mobilizam processos de abstrações, representações e generalizações, essenciais para a criatividade em Matemática. Certeza e incerteza é um par normalmente associado, na matemática escolar, ao estudo de fenômenos aleatórios, à obtenção de medidas no mundo físico, a estimativas, análises e inferências estatísticas e a argumentações e demonstrações algébricas ou geométricas. Mas ela engloba muitas outras ideias. Em Matemática, a validação de ideias deriva da busca de certeza. Como certeza e incerteza são inerentes à elaboração de conjecturas e predições, podemos considerar que a visualização, a antevisão, a previsão e a antecipação são inseparáveis desse par de ideias e 521 MATEMÁTICA E SUAS TECNOLOGIAS ENSINO MÉDIO estão associadas às práticas de expressar e comunicar ideias e estratégias matemáticas, validando-as por meio de sugestões. Expressar incertezas em relação às próprias ideias e às dos colegas, indicando seus limites, e imaginar, criar e cogitar coletivamente o que ocorreria na extrapolação dos limites indicados também integra esse par. Certeza e incerteza são inerentes, ainda, a variadas formas de comunicação social, que empregam elementos de estatística e suas representações, além dos problemas de contagem e de formas intuitivas de expressão de probabilidades. Movimento e posição estão presentes na localização de números em retas, de figuras ou configurações no plano cartesiano e no espaço tridimensional; direção e sentido, ângulos, paralelismo e perpendicularidade, transformações geométricas isométricas (que preservam as medidas) e homotéticas (que preservam as formas) e padrões das distribuições de dados. O uso de mapas, GPS e de outros recursos implica a observação e estudo desse par de ideias. Atividades investigativas com softwares dinâmicos que inter-relacionem movimento e posição podem também promover o desenvolvimento dessas ideias, importantes em cartografia e na movimentação diária do cidadão comum. Por vivermos em um mundo conectado com celulares às mãos, aparelhos de geolocalização, TVs a cabo, câmeras de vigilância etc., o estudo do movimento e posição tem muitas finalidades em diversas áreas. Relações e inter-relações estão presentes em muitas situações reais nas quais se aplica a Matemática. As relações estão presentes em problemas que envolvem a proporcionalidade entre duas ou mais grandezas, escalas, divisão em partes proporcionais etc. que tratam da interdependência entre grandezas. Dessas relações, evolui-se para a noção de função, uma noção integradora da Matemática. Os movimentos de figuras, como as reflexões em retas, rotações e translações, podem ser expressos por funções, em trabalhos no plano cartesiano, por exemplo. Inter-relações devem ser destacadas, por exemplo, entre a Estatística e a Probabilidade, a Álgebra e a Geometria. A própria ideia de medida pode ser definida como uma função que associa um número real positivo (correspondente a certa quantidade de unidades) a um comprimento, área ou volume. As medidas estatísticas também são inter-relações que, por um lado, promovem a ampliação de significado aos tópicos matemáticos e, por outro, propiciam acesso à matemática estrutural, como as relações de equivalência, ordem e semelhança. 522 BASE NACIONAL COMUM CURRICULAR A ideia da unidade da Matemática está subjacente às ideias e competências específicas para a Matemática no Ensino Médio. As práticas matemáticas, ou seja, como os integrantes de cada cultura ou grupo usam a Matemática, variaram muito ao longo dos tempos, dependendo das necessidades, visões de mundo, entre outros fatores, e continuam a variar. Dando suporte a essas práticas, existem conceitos e estruturas, por vezes utilizados sem explicitação, que fundamentam tais práticas. Essa percepção da unidade da Matemática, além da diversidade de suas práticas, serve também para mostrar que o desenvolvimento da disciplina é fruto da experiência humana ao longo da história. Assim, ela não é um edifício perfeito que surgiu pronto da mente de poucos seres privilegiados, a fim de ser estudada para puro deleite intelectual. O desenvolvimento gradual desse campo do saber, por seres humanos inseridos em culturas e sociedades específicas, confere a ela valores estéticos e culturais, e fornece uma linguagem com a qual pessoas de diferentes realidades podem se comunicar, com precisão e concisão, em várias áreas do conhecimento. Um dos desafios para a aprendizagem da Matemática no Ensino Médio é exatamente proporcionar aos estudantes a visão de que ela não é um conjunto de regras e técnicas, mas faz parte de nossa cultura e de nossa história. Assim, as habilidades previstas para o Ensino Médio são fundamentais para que o letramento matemático 65 dos estudantes se torne ainda mais denso e eficiente, tendo em vista que eles irão aprofundar e ampliar as habilidades propostas para o Ensino Fundamental e terão mais ferramentas para compreender a realidade e propor as ações de intervenção especificadas para essa etapa. Considerando esses pressupostos, e em articulação com as competências gerais da Educação Básica e com as da área de Matemática do Ensino Fundamental, no Ensino Médio a área de Matemática e suas Tecnologias deve garantir aos estudantes o desenvolvimento de competências específicas. Relacionadas a cada uma delas, são indicadas, posteriormente, habilidades a ser alcançadas nessa etapa. 65 Na BNCC, o letramento matemático está assim definido: competências e habilidades de raciocinar, representar, comunicar e argumentar matematicamente, de modo a favorecer o estabelecimento de conjecturas, a formulação e a resolução de problemas em uma variedade de contextos, utilizando conceitos, procedimentos, fatos e ferramentas matemáticas. O letramento deve também assegurar que todos os estudantes reconheçam que os conhecimentos matemáticos são fundamentais para compreender e atuar no mundo e para que também percebam o caráter de jogo intelectual da Matemática, como aspecto que favorece o desenvolvimento do raciocínio lógico e crítico, estimula a investigação e que pode também ser prazeroso (fruição). 523 MATEMÁTICA E SUAS TECNOLOGIAS ENSINO MÉDIO."
EM13MAT101,Matemática e suas Tecnologias,"Interpretar situações econômicas, sociais e das Ciências da Natureza que envolvem a variação de duas grandezas, pela análise dos gráficos das funções representadas e das taxas de variação com ou sem apoio de tecnologias digitais."
EM13MAT102,Matemática e suas Tecnologias,"Analisar gráficos e métodos de amostragem de pesquisas estatísticas apresentadas em relatórios divulgados por diferentes meios de comunicação, identificando, quando for o caso, inadequações que possam induzir a erros de interpretação, como escalas e amostras não apropriadas."
EM13MAT103,Matemática e suas Tecnologias,"Interpretar e compreender o emprego de unidades de medida de diferentes grandezas, inclusive de novas unidades, como as de armazenamento de dados e de distâncias astronômicas e microscópicas, ligadas aos avanços tecnológicos, amplamente divulgadas na sociedade."
EM13MAT104,Matemática e suas Tecnologias,"Interpretar taxas e índices de natureza socioeconômica, tais como índice de desenvolvimento humano, taxas de inflação, entre outros, investigando os processos de cálculo desses números."
EM13MAT105,Matemática e suas Tecnologias,"Utilizar as noções de transformações isométricas (translação, reflexão, rotação e composições destas) e transformações homotéticas para analisar diferentes produções humanas como construções civis, obras de arte, entre outras. 526 BASE NACIONAL COMUM CURRICULAR."
EM13MAT201,Matemática e suas Tecnologias,"Propor ações comunitárias, como as voltadas aos locais de moradia dos estudantes dentre outras, envolvendo cálculos das medidas de área, de volume, de capacidade ou de massa, adequados às demandas da região."
EM13MAT202,Matemática e suas Tecnologias,"Planejar e executar pesquisa amostral usando dados coletados ou de diferentes fontes sobre questões relevantes atuais, incluindo ou não, apoio de recursos tecnológicos, e comunicar os resultados por meio de relatório contendo gráficos e interpretação das medidas de tendência central e das de dispersão."
EM13MAT203,Matemática e suas Tecnologias,"Planejar e executar ações envolvendo a criação e a utilização de aplicativos, jogos (digitais ou não), planilhas para o controle de orçamento familiar, simuladores de cálculos de juros compostos, dentre outros, para aplicar conceitos matemáticos e tomar decisões. 527 MATEMÁTICA E SUAS TECNOLOGIAS ENSINO MÉDIO."
EM13MAT301,Matemática e suas Tecnologias,"Resolver e elaborar problemas do cotidiano, da Matemática e de outras áreas do conhecimento, que envolvem equações lineares simultâneas, usando técnicas algébricas e gráficas, incluindo ou não tecnologias digitais."
EM13MAT302,Matemática e suas Tecnologias,"Resolver e elaborar problemas cujos modelos são as funções polinomiais de 1º e 2º graus, em contextos diversos, incluindo ou não tecnologias digitais. 535 MATEMÁTICA E SUAS TECNOLOGIAS ENSINO MÉDIO Outras unidades temáticas poderão ser organizadas, reunindo tanto as habilidades definidas nesta BNCC quanto outras que sejam necessárias e que contemplem especificidades e demandas próprias dos sistemas de ensino e escolas. No entanto, é fundamental preservar as ideias básicas desta BNCC referentes à articulação entre os vários campos da Matemática, com vistas à construção de uma visão integrada de Matemática e aplicada à realidade. Além disso, é fundamental assegurar aos estudantes as competências específicas e habilidades relativas aos seus processos de reflexão e de abstração, que deem sustentação a modos de pensar criativos, analíticos, indutivos, dedutivos e sistêmicos e que favoreçam a tomada de decisões orientadas pela ética e o bem comum. 537 CIÊNCIAS DA NATUREZA E SUAS TECNOLOGIAS ENSINO MÉDIO 5.3. A ÁREA DE CIÊNCIAS DA NATUREZA E SUAS TECNOLOGIAS Na Educação Básica, a área de Ciências da Natureza deve contribuir com a construção de uma base de conhecimentos contextualizada, que prepare os estudantes para fazer julgamentos, tomar iniciativas, elaborar argumentos e apresentar proposições alternativas, bem como fazer uso criterioso de diversas tecnologias. O desenvolvimento dessas práticas e a interação com as demais áreas do conhecimento favorecem discussões sobre as implicações éticas, socioculturais, políticas e econômicas de temas relacionados às Ciências da Natureza. No Ensino Médio, a área deve, portanto, se comprometer, assim como as demais, com a formação dos jovens para o enfrentamento dos desafios da contemporaneidade, na direção da educação integral e da formação cidadã. Os estudantes, com maior vivência e maturidade, têm condições para aprofundar o exercício do pensamento crítico, realizar novas leituras do mundo, com base em modelos abstratos, e tomar decisões responsáveis, éticas e consistentes na identificação e solução de situações-problema. Ao mesmo tempo, considerar a contemporaneidade demanda que a área esteja sintonizada às demandas e necessidades das múltiplas juventudes, reconhecendo sua diversidade de expressões. São sujeitos que constroem sua história com base em diferentes interesses e inserções na sociedade e que possuem modos próprios de pensar, agir, vestir-se e expressar seus anseios, medos e desejos. Nesse cenário, a BNCC da área de Ciências da Natureza e suas Tecnologias – integrada por Biologia, Física e Química – propõe ampliar e sistematizar as aprendizagens essenciais desenvolvidas até o 9º ano do Ensino Fundamental. Isso significa, em primeiro lugar, focalizar a interpretação de fenômenos naturais e processos tecnológicos de modo a possibilitar aos estudantes a apropriação de conceitos, procedimentos e teorias dos diversos campos das Ciências da Natureza. Significa, ainda, criar condições para que eles possam explorar os diferentes modos de pensar e de falar da cultura científica, situando-a como uma das formas de organização do conhecimento produzido em diferentes contextos históricos e sociais, possibilitando-lhes apropriar-se dessas linguagens específicas. 538 BASE NACIONAL COMUM CURRICULAR Assim, para além dos compromissos firmados no Ensino Fundamental, a BNCC da área de Ciências da Natureza e suas Tecnologias propõe um aprofundamento conceitual nas temáticas Matéria e Energia, Vida e Evolução e Terra e Universo. Elas são consideradas essenciais para que competências cognitivas, comunicativas, pessoais e sociais possam continuar a ser desenvolvidas e mobilizadas na resolução de problemas e tomada de decisões. No Ensino Fundamental, os estudantes têm a oportunidade de enfrentar questões que demandam a aplicação dos conhecimentos sobre Matéria e Energia em uma perspectiva fenomenológica, com o objetivo de introduzir a prática da investigação científica e ressaltar a importância dessa temática na análise do mundo contemporâneo. No Ensino Médio, espera-se uma diversificação de situações-problema, incluindo aquelas que permitam aos jovens a aplicação de modelos com maior nível de abstração e de propostas de intervenção em contextos mais amplos e complexos. Os estudantes também começam a se apropriar de explicações científicas envolvendo as temáticas Vida e Evolução e Terra e Universo no Ensino Fundamental. Eles exploram aspectos referentes tanto aos seres humanos (com a compreensão da organização e o funcionamento de seu corpo, da necessidade de autocuidado e de respeito ao outro, das modificações físicas e emocionais que acompanham a adolescência etc.) quanto aos demais seres vivos (como a dinâmica dos biomas brasileiros e questões ambientais atuais). Também procedem análises do sistema solar e dos movimentos da Terra em relação ao Sol e à Lua. No Ensino Médio, é possível unificar essas duas temáticas, de modo que os estudantes compreendam de forma mais ampla os processos a elas relacionados. Isso significa considerar a complexidade relativa à origem, evolução e manutenção da Vida, como também às dinâmicas das interações gravitacionais. Implica, ainda, considerar modelos mais abrangentes ao explorar algumas aplicações das reações nucleares, a fim de explicar, por exemplo, processos estelares, datações geológicas e formação da matéria e da vida. Para além do aprofundamento dessas temáticas, a BNCC de Ciências da Natureza e suas Tecnologias propõe também que os estudantes ampliem as habilidades investigativas desenvolvidas no Ensino Fundamental, apoiando-se em análises quantitativas e na avaliação e na comparação de modelos explicativos. Além disso, espera-se que eles aprendam a estruturar linguagens argumentativas que lhes permitam comunicar, para diversos públicos, em contextos variados 539 CIÊNCIAS DA NATUREZA E SUAS TECNOLOGIAS ENSINO MÉDIO e utilizando diferentes mídias e tecnologias digitais de informação e comunicação (TDIC), conhecimentos produzidos e propostas de intervenção pautadas em evidências, conhecimentos científi cos e princípios éticos e responsáveis. Por fi m, e em conformidade com a própria natureza da área no Ensino Médio, a BNCC propõe que os estudantes aprofundem e ampliem suas refl exões a respeito das tecnologias, tanto no que concerne aos seus meios de produção e seu papel na sociedade atual como também em relação às perspectivas futuras de desenvolvimento tecnológico. Desse modo, propõe continuidade ao tratamento dado no Ensino Fundamental, etapa na qual as tecnologias foram abordadas sob uma perspectiva de aplicação de conhecimentos e análise de seus efeitos sobre a saúde e a qualidade de vida das pessoas. Considerando esses pressupostos, e em articulação com as competências gerais da Educação Básica e com as da área de Ciências da Natureza do Ensino Fundamental, no Ensino Médio a área de Ciências da Natureza e suas Tecnologias deve garantir aos estudantes o desenvolvimento de competências específi cas. Relacionadas a cada uma delas, são indicadas, posteriormente, habilidades a ser alcançadas nessa etapa."
EM13MAT303,Matemática e suas Tecnologias,"Resolver e elaborar problemas envolvendo porcentagens em diversos contextos e sobre juros compostos, destacando o crescimento exponencial."
EM13MAT304,Matemática e suas Tecnologias,"Resolver e elaborar problemas com funções exponenciais nos quais é necessário compreender e interpretar a variação das grandezas envolvidas, em contextos como o da Matemática Financeira e o do crescimento de seres vivos microscópicos, entre outros."
EM13MAT305,Matemática e suas Tecnologias,"Resolver e elaborar problemas com funções logarítmicas nos quais é necessário compreender e interpretar a variação das grandezas envolvidas, em contextos como os de abalos sísmicos, pH, radioatividade, Matemática Financeira, entre outros."
EM13MAT306,Matemática e suas Tecnologias,"Resolver e elaborar problemas em contextos que envolvem fenômenos periódicos reais, como ondas sonoras, ciclos menstruais, movimentos cíclicos, entre outros, e comparar suas representações com as funções seno e cosseno, no plano cartesiano, com ou sem apoio de aplicativos de álgebra e geometria."
EM13MAT307,Matemática e suas Tecnologias,"Empregar diferentes métodos para a obtenção da medida da área de uma superfície (reconfigurações, aproximação por cortes etc.) e deduzir expressões de cálculo para aplicá-las em situações reais, como o remanejamento e a distribuição de plantações, com ou sem apoio de tecnologias digitais. Cabe ainda destacar que o uso de tecnologias possibilita aos estudantes aprofundar sua participação ativa nesse processo de resolução de problemas. São alternativas de experiências variadas e facilitadoras de aprendizagens que reforçam a capacidade de raciocinar logicamente, formular e testar conjecturas, avaliar a validade de raciocínios e construir argumentações. 529 MATEMÁTICA E SUAS TECNOLOGIAS ENSINO MÉDIO."
EM13MAT308,Matemática e suas Tecnologias,"Resolver e elaborar problemas em variados contextos, envolvendo triângulos nos quais se aplicam as relações métricas ou as noções de congruência e semelhança."
EM13MAT309,Matemática e suas Tecnologias,"Resolver e elaborar problemas que envolvem o cálculo de áreas totais e de volumes de prismas, pirâmides e corpos redondos (cilindro e cone) em situações reais, como o cálculo do gasto de material para forrações ou pinturas de objetos cujos formatos sejam composições dos sólidos estudados."
EM13MAT310,Matemática e suas Tecnologias,"Resolver e elaborar problemas de contagem envolvendo diferentes tipos de agrupamento de elementos, por meio dos princípios multiplicativo e aditivo, recorrendo a estratégias diversas como o diagrama de árvore."
EM13MAT311,Matemática e suas Tecnologias,"Resolver e elaborar problemas que envolvem o cálculo da probabilidade de eventos aleatórios, identificando e descrevendo o espaço amostral e realizando contagem das possibilidades."
EM13MAT312,Matemática e suas Tecnologias,Resolver e elaborar problemas que envolvem o cálculo de probabilidade de eventos em experimentos aleatórios sucessivos.
EM13MAT313,Matemática e suas Tecnologias,"Resolver e elaborar problemas que envolvem medições em que se discuta o emprego de algarismos significativos e algarismos duvidosos, utilizando, quando necessário, a notação científica."
EM13MAT314,Matemática e suas Tecnologias,"Resolver e elaborar problemas que envolvem grandezas compostas, determinadas pela razão ou pelo produto de duas outras, como velocidade, densidade demográfica, energia elétrica etc."
EM13MAT315,Matemática e suas Tecnologias,"Reconhecer um problema algorítmico, enunciá-lo, procurar uma solução e expressá-la por meio de um algoritmo, com o respectivo fluxograma."
EM13MAT316,Matemática e suas Tecnologias,"Resolver e elaborar problemas, em diferentes contextos, que envolvem cálculo e interpretação das medidas de tendência central (média, moda, mediana) e das de dispersão (amplitude, variância e desvio padrão). 530 BASE NACIONAL COMUM CURRICULAR."
EM13MAT401,Matemática e suas Tecnologias,"Converter representações algébricas de funções polinomiais de 1º grau para representações geométricas no plano cartesiano, distinguindo os casos nos quais o comportamento é proporcional, recorrendo ou não a softwares ou aplicativos de álgebra e geometria dinâmica."
EM13MAT402,Matemática e suas Tecnologias,"Converter representações algébricas de funções polinomiais de 2º grau para representações geométricas no plano cartesiano, distinguindo os casos nos quais uma variável for diretamente proporcional ao quadrado da outra, recorrendo ou não a softwares ou aplicativos de álgebra e geometria dinâmica."
EM13MAT403,Matemática e suas Tecnologias,"Comparar e analisar as representações, em plano cartesiano, das funções exponencial e logarítmica para identificar as características fundamentais (domínio, imagem, crescimento) de cada uma, com ou sem apoio de tecnologias digitais, estabelecendo relações entre elas."
EM13MAT404,Matemática e suas Tecnologias,"Identificar as características fundamentais das funções seno e cosseno (periodicidade, domínio, imagem), por meio da comparação das representações em ciclos trigonométricos e em planos cartesianos, com ou sem apoio de tecnologias digitais."
EM13MAT405,Matemática e suas Tecnologias,"Reconhecer funções definidas por uma ou mais sentenças (como a tabela do Imposto de Renda, contas de luz, água, gás etc.), em suas representações algébrica e gráfica, convertendo essas representações de uma para outra e identificando domínios de validade, imagem, crescimento e decrescimento."
EM13MAT406,Matemática e suas Tecnologias,Utilizar os conceitos básicos de uma linguagem de programação na implementação de algoritmos escritos em linguagem corrente e/ou matemática.
EM13MAT407,Matemática e suas Tecnologias,Interpretar e construir vistas ortogonais de uma figura espacial para representar formas tridimensionais por meio de figuras planas.
EM13MAT408,Matemática e suas Tecnologias,"Construir e interpretar tabelas e gráficos de frequências, com base em dados obtidos em pesquisas por amostras estatísticas, incluindo ou não o uso de softwares que inter-relacionem estatística, geometria e álgebra."
EM13MAT409,Matemática e suas Tecnologias,"Interpretar e comparar conjuntos de dados estatísticos por meio de diferentes diagramas e gráficos, como o histograma, o de caixa (box-plot), o de ramos e folhas, reconhecendo os mais eficientes para sua análise. 532 BASE NACIONAL COMUM CURRICULAR."
EM13MAT501,Matemática e suas Tecnologias,"Investigar relações entre números expressos em tabelas para representá-los no plano cartesiano, identificando padrões e criando conjecturas para generalizar e expressar algebricamente essa generalização, reconhecendo quando essa representação é de função polinomial de 1º grau."
EM13MAT502,Matemática e suas Tecnologias,"Investigar relações entre números expressos em tabelas para representá-los no plano cartesiano, identificando padrões e criando conjecturas para generalizar e expressar algebricamente essa generalização, reconhecendo quando essa representação é de função polinomial de 2º grau do tipo y = ax 2."
EM13MAT503,Matemática e suas Tecnologias,"Investigar pontos de máximo ou de mínimo de funções quadráticas em contextos da Matemática Financeira ou da Cinemática, entre outros."
EM13MAT504,Matemática e suas Tecnologias,"Investigar processos de obtenção da medida do volume de prismas, pirâmides, cilindros e cones, incluindo o princípio de Cavalieri, para a obtenção das fórmulas de cálculo da medida do volume dessas figuras."
EM13MAT505,Matemática e suas Tecnologias,"Resolver problemas sobre ladrilhamentos do plano, com ou sem apoio de aplicativos de geometria dinâmica, para conjecturar a respeito dos tipos ou composição de polígonos que podem ser utilizados, generalizando padrões observados."
EM13MAT506,Matemática e suas Tecnologias,"Representar graficamente a variação da área e do perímetro de um polígono regular quando os comprimentos de seus lados variam, analisando e classificando as funções envolvidas."
EM13MAT507,Matemática e suas Tecnologias,"Identificar e associar sequências numéricas (PA) a funções afins de domínios discretos para análise de propriedades, incluindo dedução de algumas fórmulas e resolução de problemas."
EM13MAT508,Matemática e suas Tecnologias,"Identificar e associar sequências numéricas (PG) a funções exponenciais de domínios discretos para análise de propriedades, incluindo dedução de algumas fórmulas e resolução de problemas."
EM13MAT509,Matemática e suas Tecnologias,"Investigar a deformação de ângulos e áreas provocada pelas diferentes projeções usadas em cartografia, como a cilíndrica e a cônica."
EM13MAT510,Matemática e suas Tecnologias,"Investigar conjuntos de dados relativos ao comportamento de duas variáveis numéricas, usando tecnologias da informação, e, se apropriado, levar em conta a variação e utilizar uma reta para descrever a relação observada."
EM13MAT511,Matemática e suas Tecnologias,"Reconhecer a existência de diferentes tipos de espaços amostrais, discretos ou não, de eventos equiprováveis ou não, e investigar as implicações no cálculo de probabilidades."
EM13MAT512,Matemática e suas Tecnologias,"Investigar propriedades de figuras geométricas, questionando suas conjecturas por meio da busca de contraexemplos, para refutá-las ou reconhecer a necessidade de sua demonstração para validação, como os teoremas relativos aos quadriláteros e triângulos. 534 BASE NACIONAL COMUM CURRICULAR 5.2.1.1. CONSIDERAÇÕES SOBRE A ORGANIZAÇÃO CURRICULAR Além da organização das habilidades por competências, elas podem ser organizadas na elaboração de currículos em unidades temáticas, como proposto no Ensino Fundamental. Assim, por exemplo, no estudo de funções polinomiais de 1º e 2º graus, pode-se ter a seguinte distribuição: UNIDADE: FUNÇÕES POLINOMIAIS DE 1º E 2º GRAUS."
EM13CNT101,Ciências da Natureza e suas Tecnologias,"Analisar e representar as transformações e conservações em sistemas que envolvam quantidade de matéria, de energia e de movimento para realizar previsões em situações cotidianas e processos produtivos que priorizem o uso racional dos recursos naturais."
EM13CNT102,Ciências da Natureza e suas Tecnologias,"Realizar previsões, avaliar intervenções e/ou construir protótipos de sistemas térmicos que visem à sustentabilidade, com base na análise dos efeitos das variáveis termodinâmicas e da composição dos sistemas naturais e tecnológicos."
EM13CNT103,Ciências da Natureza e suas Tecnologias,"Utilizar o conhecimento sobre as radiações e suas origens para avaliar as potencialidades e os riscos de sua aplicação em equipamentos de uso cotidiano, na saúde, na indústria e na geração de energia elétrica."
EM13CNT104,Ciências da Natureza e suas Tecnologias,"Avaliar potenciais prejuízos de diferentes materiais e produtos à saúde e ao ambiente, considerando sua composição, toxicidade e reatividade, como também o nível de exposição a eles, posicionando-se criticamente e propondo soluções individuais e/ou coletivas para o uso adequado desses materiais e produtos."
EM13CNT105,Ciências da Natureza e suas Tecnologias,"Analisar a ciclagem de elementos químicos no solo, na água, na atmosfera e nos seres vivos e interpretar os efeitos de fenômenos naturais e da interferência humana sobre esses ciclos, para promover ações individuais e/ou coletivas que minimizem consequências nocivas à vida."
EM13CNT106,Ciências da Natureza e suas Tecnologias,"Avaliar tecnologias e possíveis soluções para as demandas que envolvem a geração, o transporte, a distribuição e o consumo de energia elétrica, considerando a disponibilidade de recursos, a eficiência energética, a relação custo/ benefício, as características geográficas e ambientais, a produção de resíduos e os impactos socioambientais. 542 BASE NACIONAL COMUM CURRICULAR."
EM13CNT201,Ciências da Natureza e suas Tecnologias,"Analisar e utilizar modelos científicos, propostos em diferentes épocas e culturas para avaliar distintas explicações sobre o surgimento e a evolução da Vida, da Terra e do Universo."
EM13CNT202,Ciências da Natureza e suas Tecnologias,"Interpretar formas de manifestação da vida, considerando seus diferentes níveis de organização (da composição molecular à biosfera), bem como as condições ambientais favoráveis e os fatores limitantes a elas, tanto na Terra quanto em outros planetas."
EM13CNT203,Ciências da Natureza e suas Tecnologias,"Avaliar e prever efeitos de intervenções nos ecossistemas, nos seres vivos e no corpo humano, interpretando os mecanismos de manutenção da vida com base nos ciclos da matéria e nas transformações e transferências de energia."
EM13CNT204,Ciências da Natureza e suas Tecnologias,"Elaborar explicações e previsões a respeito dos movimentos de objetos na Terra, no Sistema Solar e no Universo com base na análise das interações gravitacionais."
EM13CNT205,Ciências da Natureza e suas Tecnologias,"Utilizar noções de probabilidade e incerteza para interpretar previsões sobre atividades experimentais, fenômenos naturais e processos tecnológicos, reconhecendo os limites explicativos das ciências."
EM13CNT206,Ciências da Natureza e suas Tecnologias,"Justificar a importância da preservação e conservação da biodiversidade, considerando parâmetros qualitativos e quantitativos, e avaliar os efeitos da ação humana e das políticas ambientais para a garantia da sustentabilidade do planeta."
EM13CNT207,Ciências da Natureza e suas Tecnologias,"Identificar e analisar vulnerabilidades vinculadas aos desafios contemporâneos aos quais as juventudes estão expostas, considerando as dimensões física, psicoemocional e social, a fim de desenvolver e divulgar ações de prevenção e de promoção da saúde e do bem-estar. 544 BASE NACIONAL COMUM CURRICULAR."
EM13CNT301,Ciências da Natureza e suas Tecnologias,"Construir questões, elaborar hipóteses, previsões e estimativas, empregar instrumentos de medição e representar e interpretar modelos explicativos, dados e/ou resultados experimentais para construir, avaliar e justificar conclusões no enfrentamento de situações-problema sob uma perspectiva científica."
EM13CNT302,Ciências da Natureza e suas Tecnologias,"Comunicar, para públicos variados, em diversos contextos, resultados de análises, pesquisas e/ou experimentos – interpretando gráficos, tabelas, símbolos, códigos, sistemas de classificação e equações, elaborando textos e utilizando diferentes mídias e tecnologias digitais de informação e comunicação (TDIC) –, de modo a promover debates em torno de temas científicos e/ou tecnológicos de relevância sociocultural."
EM13CNT303,Ciências da Natureza e suas Tecnologias,"Interpretar textos de divulgação científica que tratem de temáticas das Ciências da Natureza, disponíveis em diferentes mídias, considerando a apresentação dos dados, a consistência dos argumentos e a coerência das conclusões, visando construir estratégias de seleção de fontes confiáveis de informações."
EM13CNT304,Ciências da Natureza e suas Tecnologias,"Analisar e debater situações controversas sobre a aplicação de conhecimentos da área de Ciências da Natureza (tais como tecnologias do DNA, tratamentos com células-tronco, produção de armamentos, formas de controle de pragas, entre outros), com base em argumentos consistentes, éticos e responsáveis, distinguindo diferentes pontos de vista."
EM13CNT305,Ciências da Natureza e suas Tecnologias,"Investigar e discutir o uso indevido de conhecimentos das Ciências da Natureza na justificativa de processos de discriminação, segregação e privação de direitos individuais e coletivos para promover a equidade e o respeito à diversidade."
EM13CNT306,Ciências da Natureza e suas Tecnologias,"Avaliar os riscos envolvidos em atividades cotidianas, aplicando conhecimentos das Ciências da Natureza, para justificar o uso de equipamentos e comportamentos de segurança, visando à integridade física, individual e coletiva, e socioambiental."
EM13CNT307,Ciências da Natureza e suas Tecnologias,"Analisar as propriedades específicas dos materiais para avaliar a adequação de seu uso em diferentes aplicações (industriais, cotidianas, arquitetônicas ou tecnológicas) e/ou propor soluções seguras e sustentáveis."
EM13CNT308,Ciências da Natureza e suas Tecnologias,"Analisar o funcionamento de equipamentos elétricos e/ou eletrônicos, redes de informática e sistemas de automação para compreender as tecnologias contemporâneas e avaliar seus impactos."
EM13CNT309,Ciências da Natureza e suas Tecnologias,"Analisar questões socioambientais, políticas e econômicas relativas à dependência do mundo atual com relação aos recursos fósseis e discutir a necessidade de introdução de alternativas e novas tecnologias energéticas e de materiais, comparando diferentes tipos de motores e processos de produção de novos materiais."
EM13CNT310,Ciências da Natureza e suas Tecnologias,"Investigar e analisar os efeitos de programas de infraestrutura e demais serviços básicos (saneamento, energia elétrica, transporte, telecomunicações, cobertura vacinal, atendimento primário à saúde e produção de alimentos, entre outros) e identificar necessidades locais e/ou regionais em relação a esses serviços, a fim de promover ações que contribuam para a melhoria na qualidade de vida e nas condições de saúde da população. 547 CIÊNCIAS HUMANAS E SOCIAIS APLICADAS ENSINO MÉDIO 5.4. A ÁREA DE CIÊNCIAS HUMANAS E SOCIAIS APLICADAS A BNCC na área de Ciências Humanas e Sociais Aplicadas – integrada por Filosofia, Geografia, História e Sociologia – propõe a ampliação e o aprofundamento das aprendizagens essenciais desenvolvidas até o 9º ano do Ensino Fundamental, sempre orientada para uma educação ética. Entendendo-se ética como juízo de apreciação da conduta humana, necessária para o viver em sociedade, e em cujas bases destacam-se as ideias de justiça, solidariedade e livre-arbítrio, essa proposta tem como fundamento a compreensão e o reconhecimento das diferenças, o respeito aos direitos humanos e à interculturalidade, e o combate aos preconceitos. No Ensino Fundamental, a BNCC se concentra no processo de tomada de consciência do Eu, do Outro e do Nós, das diferenças em relação ao Outro e das diversas formas de organização da família e da sociedade em diferentes espaços e épocas históricas. Tais relações são pautadas pelas noções de indivíduo e de sociedade, categorias tributárias da noção de philia, amizade, cooperação, de um conhecimento de si mesmo e do Outro com vistas a um saber agir conjunto e ético. Além disso, ao explorar variadas problemáticas próprias de Geografia e de História, prevê que os estudantes explorem diversos conhecimentos próprios das Ciências Humanas: noções de temporalidade, espacialidade e diversidade (de gênero, religião, tradições étnicas etc.); conhecimentos sobre os modos de organizar a sociedade e sobre as relações de produção, trabalho e de poder, sem deixar de lado o processo de transformação de cada indivíduo, da escola, da comunidade e do mundo. No Ensino Médio, a ampliação e o aprofundamento dessas questões são possíveis porque, na passagem do Ensino Fundamental para o Ensino Médio, ocorre não somente uma ampliação significativa na capacidade cognitiva dos jovens, como também de seu repertório conceitual e de sua capacidade de articular informações e conhecimentos. O desenvolvimento das capacidades de observação, memória e abstração permite percepções mais acuradas da realidade e raciocínios mais complexos – com base em um número maior de variáveis –, além de um domínio maior sobre diferentes linguagens, o que favorece os processos de simbolização e de abstração. 548 BASE NACIONAL COMUM CURRICULAR Por esse motivo, dentre outros, os jovens intensificam os questionamentos sobre si próprios e sobre o mundo em que vivem, o que lhes possibilita não apenas compreender as temáticas e conceitos utilizados, mas também problematizar categorias, objetos e processos. Desse modo, podem propor e questionar hipóteses sobre as ações dos sujeitos e, também, identificar ambiguidades e contradições presentes tanto nas condutas individuais como nos processos e estruturas sociais. Além de promover essas aprendizagens no Ensino Médio, a área de Ciências Humanas e Sociais Aplicadas tem ainda o grande desafio de desenvolver a capacidade dos estudantes de estabelecer diálogos entre indivíduos, grupos sociais e cidadãos de diversas nacionalidades, saberes e culturas distintas. Para tanto, propõe habilidades para que os estudantes possam ter o domínio de conceitos e metodologias próprios dessa área. As operações de identificação, seleção, organização, comparação, análise, interpretação e compreensão de um dado objeto de conhecimento são procedimentos responsáveis pela construção e desconstrução dos significados do que foi selecionado, organizado e conceituado por um determinado sujeito ou grupo social, inserido em um tempo, um lugar e uma circunstância específicos. De posse desses instrumentos, os jovens constroem hipóteses e elaboram argumentos com base na seleção e na sistematização de dados, obtidos em fontes confiáveis e sólidas. A elaboração de uma hipótese é o primeiro passo para o diálogo, que pressupõe sempre o direito ao contraditório. É por meio do diálogo que os estudantes ampliam sua percepção crítica tanto em relação à produção científica quanto às informações que circulam nas mídias, colocando em prática a dúvida sistemática, elemento essencial para o aprimoramento da conduta humana. Esse processo, já iniciado no Ensino Fundamental, tem continuidade no Ensino Médio, de modo a permitir aos jovens utilizar os diversos meios de comunicação de forma crítica, não aceitando como verdade o “fato” veiculado nas diferentes mídias. Desvendar e reconhecer os sujeitos, os sentidos obscuros e silenciados, as razões da construção de uma determinada informação e os meios utilizados para a sua difusão é tarefa básica das Ciências Humanas e Sociais Aplicadas e exercício necessário para a formação dos jovens. Todavia, a identificação de uma questão, a realização de recortes e a interpretação de fenômenos demandam uma organização lógica, coerente e crítica para a elaboração das hipóteses e para a construção da argumentação em torno das categorias selecionadas. Nas 549 CIÊNCIAS HUMANAS E SOCIAIS APLICADAS ENSINO MÉDIO Ciências Humanas e Sociais Aplicadas, analisar, relacionar, comparar e compreender contextos e identidades são condições para conhecer, problematizar, criticar e tomar posições. Nessa direção, é imprescindível que a área dê continuidade, no Ensino Médio, ao desafio de dialogar com as novas tecnologias, iniciado no Ensino Fundamental. Afinal, essa é uma das marcas mais características de nosso tempo, que atinge distintos grupos sociais, mas que é especialmente intensa entre os jovens estudantes. As tecnologias digitais apresentam apelos consumistas e simbólicos capazes de alterar suas formas de leitura de mundo, práticas de convívio, comunicação, participação política e produção de conhecimento, interferindo efetivamente no conjunto das relações sociais. Diante desse cenário, é necessário oportunizar o uso e a análise crítica das novas tecnologias, explorando suas potencialidades e evidenciando seus limites na configuração do mundo atual. Aprender a indagar, ponto de partida para uma reflexão crítica, é uma das contribuições essenciais das Ciências Humanas e Sociais Aplicadas para a formação dos estudantes do Ensino Médio. A pergunta bem elaborada e a dúvida sistemática contribuem igualmente para a construção e apreciação de juízos sobre a conduta humana, passível de diferentes qualificações. Elas também colaboram para o desenvolvimento da autonomia dos sujeitos diante de suas tomadas de decisão na vida cotidiana, na sociedade em que vivem e no mundo no qual estão inseridos. Para a promoção de tais aprendizagens, para o desenvolvimento do protagonismo juvenil e para a construção de uma atitude ética pelos jovens, é fundamental mobilizar recursos didáticos em diferentes linguagens (textuais, imagéticas, artísticas, gestuais, digitais, tecnológicas, gráficas, cartográficas etc.), selecionar formas de registros, valorizar os trabalhos de campo (entrevistas, observações, consultas a acervos históricos etc.) e estimular práticas voltadas para a cooperação. Os materiais e os meios utilizados podem ser variados, mas o objetivo central, o eixo da reflexão, deve concentrar-se no conhecimento do Eu e no reconhecimento do Outro, nas formas de enfrentamento das tensões e conflitos, na possibilidade de conciliação e na formulação de propostas de soluções. Considerando esses desafios e finalidades no tocante às aprendizagens a ser garantidas aos jovens, a BNCC da área de Ciências Humanas e Sociais Aplicadas está organizada de modo a tematizar e problematizar, no Ensino Médio, algumas categorias dessa área, fundamentais à formação dos estudantes: tempo e espaço; territórios e fronteiras; indivíduo, natureza, sociedade, cultura e ética; e política e trabalho. 550 BASE NACIONAL COMUM CURRICULAR Essas categorias são fundantes para a investigação e a aprendizagem, não se confundindo com temas ou propostas de conteúdos. São aquelas cuja tradição nos diferentes campos das Ciências Humanas utiliza para a compreensão das ideias, dos fenômenos e dos processos políticos, sociais, econômicos e culturais. Se, no Ensino Fundamental, essas categorias estão presentes na operacionalização das competências, habilidades e dos objetos de conhecimento, no Ensino Médio elas são explicitadas considerando a capacidade de abstração e simbolização dos estudantes. Por sua vez, as competências e habilidades propostas permitem ampliar e aprofundar os conhecimentos já sistematizados, compreendendo-os em circunstâncias. As categorias de tempo e espaço são problematizadas na análise de contextos mais amplos. Território e fronteira são categorias que estruturam o conceito de espaço em suas diferentes dimensões, para além da noção de superfície terrestre, de país ou de nação. As relações entre sociedade e natureza em diferentes culturas, sua organização social, política e cultural, suas formas de trabalho, suas relações com outras populações e seus conflitos e negociações permitem compreender seus significados, ultrapassando o campo das evidências e caminhando para o campo das representações abstratas. Na BNCC de Ciências Humanas e Sociais Aplicadas do Ensino Médio, a definição de competências e habilidades, ao considerar essas categorias, pretende possibilitar o acesso a conceitos, dados e informações que permitam aos estudantes atribuir sentidos aos conhecimentos da área e utilizá-los intencionalmente para a compreensão, a crítica e o enfrentamento ético dos desafios do dia a dia, de determinados grupos e de toda a sociedade. TEMPO E ESPAÇO Tempo e espaço explicam os fenômenos nas Ciências Humanas porque permitem identificar contextos, sendo categorias difíceis de dissociar. No Ensino Médio, as análises sobre acontecimentos ocorridos em circunstâncias variadas permitem compreender processos marcados pela continuidade, por mudanças e por rupturas. A localização no tempo e no espaço nos permite identificar circunstâncias, tornando possível compará-las, observar as semelhanças e as diferenças, assim como as permanências e as transformações. Nomear o que é semelhante ou diferente em cada cultura é 551 CIÊNCIAS HUMANAS E SOCIAIS APLICADAS ENSINO MÉDIO relativamente simples. Bem mais complexo é explicar as razões e os motivos (materiais e imateriais) responsáveis pela conformação de uma sociedade, de sua língua, seus usos e costumes. É simples enunciar a diferença. Complexo é explicar a “lógica” que produz a diversidade. Portanto, analisar, comparar e compreender diferentes sociedades, sua cultura material, sua formação e desenvolvimento no tempo e no espaço, a natureza de suas instituições, as razões das desigualdades, os conflitos, em maior ou menor escala, e as relações de poder no interior da sociedade ou no contexto mundial são alguns dos principais desafios propostos pela área para o Ensino Médio. Definir o que seria o tempo é um desafio sobre o qual se debruçaram e se debruçam grandes pensadores de diversas áreas do conhecimento. O tempo é matéria de reflexão na Filosofia, na Física, na Matemática, na Biologia, na História, na Sociologia e em outras áreas do saber. O tempo na história apresentou significados e importância variados. Ao se tratar do tempo, o fundamental, como nos lembra Jacques Le Goff, é compreender que não existe uma única noção de tempo e ele não é nem homogêneo nem linear, ou seja, ele expressa diferentes significados. Diante dessas observações, é importante desenvolver habilidades por meio das quais os estudantes possam refletir sobre as diversas noções de tempo e seus significados. Assim, no Ensino Médio, os estudantes precisam desenvolver noções de tempo que ultrapassam a dimensão cronológica, ganhando diferentes dimensões, tanto simbólicas como abstratas, destacando as noções de tempo em diferentes sociedades. Na história, o acontecimento, quando narrado, permite-nos ver nele tanto o tempo transcorrido como o tempo constituído na narrativa sobre o narrado. Por sua vez, a compreensão do espaço contempla as dimensões histórica e cultural, ultrapassando suas representações cartográficas. Espaço está associado aos arranjos dos objetos de diversas naturezas, mas também às movimentações das sociedades, nas quais ocorrem eventos, disputas, conflitos, ocupações (ordenadas ou desordenadas) ou dominações. No espaço (em um lugar) se dá a produção, distribuição e consumo de mercadorias. Nele são realizados fluxos de diversas naturezas (pessoas e objetos) e são desenvolvidas relações de trabalho, com ritmos e velocidade variados. 552 BASE NACIONAL COMUM CURRICULAR TERRITÓRIO E FRONTEIRA Na área de Ciências Humanas e Sociais Aplicadas a utilização dessas categorias é bastante ampla. Território é uma categoria usualmente associada a uma porção da superfície terrestre sob domínio de um grupo e suporte para nações, estados, países. É dele que provêm alimento, segurança, identidade e refúgio. Engloba as noções de lugar, região, fronteira e, especialmente, os limites políticos e administrativos das cidades, estados e países, sendo, portanto, esquemas abstratos de organização da realidade. Associa-se a ele também a ideia de poder, jurisdição, administração e soberania, dimensões que expressam a diversidade das relações sociais e permitem juízos analíticos. Fronteira também é uma categoria construída historicamente. Ao expressar uma cultura, grupos definem fronteiras, formas de organização social e, por vezes, áreas de confronto com outros grupos. A conformação dos impérios coloniais, a formação dos Estados Nacionais e os processos de globalização problematizam a discussão sobre limites culturais e fronteiras nacionais. Os limites, por exemplo, entre civilização e barbárie geraram, não raro, a destruição daqueles indivíduos considerados bárbaros. Temos aí uma fronteira sangrenta. Povos com culturas e saberes distintos em muitos casos foram separados ou reagrupados de forma a resolver ou agravar conflitos, facilitar ou dificultar deslocamentos humanos, favorecer ou impedir a integração territorial de populações com identidades semelhantes. Para além das marcações tradicionais do território, as cidades são repletas de territorialidades marcadas por fronteiras econômicas, sociais e culturais. As músicas, as festas e o lazer podem aproximar, mas podem também separar, criar grupalidades ou circuitos culturais ou de poder. As fronteiras culturais são porosas, móveis e, nem sempre, circunscritas a um território específico. Também há fronteiras de saberes, que envolvem, entre outros elementos, conhecimentos e práticas de diferentes sociedades. Caçar ou pescar, por exemplo, são atividades que demandam habilidades nem sempre conhecidas e desenvolvidas por populações das grandes cidades. Plantar e colher exigem competências e habilidades experimentadas no dia a dia por populações dedicadas ao trabalho agrícola, desenhando fronteiras, frutos de diversas formas de produção e convívio com a natureza. Assim, no Ensino Médio, o estudo dessas categorias deve possibilitar aos estudantes compreender os processos identitários 553 CIÊNCIAS HUMANAS E SOCIAIS APLICADAS ENSINO MÉDIO marcados por territorialidades e fronteiras de diversas naturezas, mobilizar a curiosidade investigativa sobre o seu lugar no mundo, possibilitando a sua transformação e a do lugar em que vivem, enunciar aproximações e reconhecer diferenças. INDIVÍDUO, NATUREZA, SOCIEDADE, CULTURA E ÉTICA A discussão a respeito dessas categorias, bem como de suas relações, marca a constituição das chamadas Ciências Humanas. O esclarecimento teórico dessas categorias tem como base a resposta à questão que a tradição socrática, nas origens do pensamento grego, introduziu: O que é o ser humano? Na busca da unidade, de uma natureza (physis), os primeiros pensadores gregos sistematizaram questões e se indagaram sobre as finalidades da existência, sobre o que era comum a todos os seres da mesma espécie, produzindo uma visão essencializada e metafísica sobre os seres humanos. A identificação da condição humana como animal político – e animal social – significa que, independentemente da singularidade de cada um, as pessoas são essencialmente capazes de se organizar para uma vida em comum e de se governar. Como assinala Florestan Fernandes, os seres humanos têm uma necessidade vital da convivência coletiva. Todavia, os humanos têm, também, necessidades relacionadas à sua sobrevivência. Nesse sentido, exercem atividades que implicam relações com a natureza, agindo sobre ela de maneira deliberada e consciente, transformando-a. O processo dessa atividade, desse trabalho, permite ao indivíduo produzir-se como ser social. A sociedade, da qual faz parte o indivíduo, consiste em um grupo humano, ocupante de um território, com uma forma de organização baseada em normas de conduta responsáveis por sua especificidade cultural. Na construção de sua vida em sociedade, o indivíduo estabelece relações e interações sociais com outros indivíduos, constrói sua percepção de mundo, atribui significados ao mundo ao seu redor, interfere e transforma a natureza, produz conhecimento e saberes, com base em alguns procedimentos cognitivos próprios, fruto de suas tradições tanto físico-materiais como simbólico-culturais. A forma como diferentes sociedades estruturam e organizam o espaço físico-territorial e suas atividades econômicas permite, por exemplo, reconhecer os diversos modos como essas sociedades estabelecem suas relações com a natureza, incluindo-se os problemas ambientais resultantes dessas interferências. 554 BASE NACIONAL COMUM CURRICULAR Aprender a viver em sociedade significa, então, submeter-se a processos de socialização, ou seja, processos de incorporação e internalização de valores, papéis e identidades. Portanto, a sociedade como teia de relações é fundamental para apreender o modo como as ações dos indivíduos configuram o mundo em que vivem, ao mesmo tempo em que constroem uma identidade coletiva que lhes permite se pensar como Nós diante do Outro (ou Outros de referência). As transformações na ação das pessoas são mediadas pela cultura. Em sua etimologia latina, a cultura remete à ação de cultivar saberes, práticas e costumes em um determinado grupo. Na tradição metafísica, a cultura foi apresentada em oposição à natureza. Atualmente, as Ciências Humanas compreendem a cultura a partir de contribuições de diferentes campos do saber. O caráter polissêmico da cultura permite compreender o modo como ela se apresenta a partir de códigos de comunicação e comportamento, a partir de símbolos e artefatos e como parte da produção, circulação e consumo de sistemas de identificação cultural que se manifestam na vida social. As pessoas estão inseridas em culturas (urbana, rural, erudita, de massas, popular etc.) e, dessa forma, são produtoras e produto das transformações culturais e sociais de seu tempo. Na modernidade, a noção de indivíduo se tornou mais complexa em razão das transformações ocorridas no âmbito das relações sociais marcadas por novos códigos culturais, concepções de individualidade e formas de organização política. Em meio às mudanças, foram criadas condições para o debate a respeito da natureza dos seres humanos, seu papel em diferentes culturas, suas instituições e sua capacidade para a autodeterminação. A sociedade capitalista, por exemplo, ao mesmo tempo em que propõe a centralidade de sujeitos iguais, constrói relações econômicas que produzem e reproduzem desigualdades no corpo social. As diferenças e semelhanças entre os indivíduos e as sociedades foram sedimentadas ao longo do tempo e em múltiplos espaços e circunstâncias. Procurar identificar essas diferenças e semelhanças tanto em seu grupo social (familiar, escolar, bairro, cidade, país, etnia, religião etc.) quanto em outros povos e sociedades constitui uma aprendizagem a ser garantida aos estudantes na área de Ciências Humanas e Sociais Aplicadas. Afinal, o exercício de deslocamento para outros pontos de vista é central para a formação das juventudes no Ensino Médio, na medida em que ajuda a superar posturas baseadas na reiteração das referências de seu próprio grupo para avaliar os demais. 555 CIÊNCIAS HUMANAS E SOCIAIS APLICADAS ENSINO MÉDIO Seguindo essa atitude inquiridora da realidade, é preciso que os estudantes percebam que a pretensão da validade e a aceitação de princípios universais têm sido questionadas por diversos campos das Ciências Humanas, visto que a legitimação dos saberes envolve um conjunto de códigos produzidos em diferentes épocas e sociedades. A razão e a experiência, por exemplo, são paradigmas da sociedade moderna ocidental e dificilmente servirão para analisar outras sociedades, fundadas em outras lógicas, produto de outras histórias e outros contextos. O entrelaçamento entre questões sociais, culturais e indivíduos permite aprofundar, no Ensino Médio, a discussão sobre a ética. Para tanto, os estudantes devem dialogar sobre noções básicas como o respeito, a convivência e o bem comum em situações concretas. A ética pressupõe a avaliação de posturas e a tomada de posição em defesa dos direitos humanos, a identificação do bem comum e o estímulo ao respeito e ao acolhimento às diferenças entre pessoas e povos, tendo em vista a promoção do convívio social e o respeito universal às pessoas, ao bem público e à coletividade. Em suma, o conhecimento do Outro, da outra cultura, depende da capacidade de se indagar para indagar o Outro, atitudes fundamentais às aprendizagens da área de Ciências Humanas e Sociais Aplicadas. Esse é o primeiro passo para a formação de novos sujeitos protagonistas tanto no processo de construção do conhecimento como da ação ética diante do mundo real e virtual, envolvido por uma multiplicidade de culturas. A investigação e a tomada de consciência acerca dessas questões requerem conhecimento sobre os recursos naturais, suas formas de preservação, consumo e de utilização sustentável. Por esse motivo, indivíduo, sociedade, cultura e natureza são categorias abordadas na BNCC de Ciências Humanas e Sociais Aplicadas. Sua exploração no Ensino Médio estimula o desenvolvimento de uma percepção aguçada e crítica dos jovens sobre quem eles são e sobre a sociedade em que vivem. Reconhecer, analisar e avaliar a ação de diferentes agentes e grupos e seus vínculos com a natureza e as culturas são uma forma de estimular a autonomia dos estudantes e o compromisso ético de suas ações. Ao identificar que transformam e são transformados por suas ações, os jovens adquirem maior competência para atuar em um mundo marcado por polaridades e pluralidades por entre as quais eles se deslocam. 556 BASE NACIONAL COMUM CURRICULAR POLÍTICA E TRABALHO A política ocupa posição de centralidade nas Ciências Humanas. As discussões em torno do bem comum, dos regimes políticos e das formas de organização em sociedade, as lógicas de poder estabelecidas em diferentes grupos, a micropolítica, as teorias em torno do Estado e suas estratégias de legitimação e a tecnologia interferindo nas formas de organização da sociedade são alguns dos temas que estimulam a produção de saberes nessa área. A política está na origem do pensamento filosófico. Na Grécia Antiga, o exercício da argumentação e a discussão sobre os destinos das cidades e suas leis estimularam a retórica e a abstração como práticas necessárias para o debate em torno do bem comum. Esse exercício permitiu ao cidadão da pólis compreender a política como produção humana capaz de favorecer as relações entre pessoas e povos e, ao mesmo tempo, desenvolver a crítica a mecanismos políticos como a demagogia e a manipulação do interesse público. A política, em sua origem grega, foi o instrumento utilizado para combater os autoritarismos, as tiranias, os terrores, as violências e as múltiplas formas de destruição da vida pública. No mundo contemporâneo, essas questões observadas tanto em escala local como global ganham maior visibilidade na Geopolítica, pois ela enuncia os conflitos planetários entre pessoas, grupos, países e blocos transnacionais, desafio importante de ser conhecido e analisado pelos estudantes. As discussões sobre formas de organização do Estado, de governo e do poder são temáticas enunciadas no Ensino Fundamental e aprofundadas no Ensino Médio, especialmente em sua dimensão formal e como sistemas jurídicos complexos. Essas temáticas apresentadas de forma ampla na BNCC fornecem alguns elementos capazes de agregar diversos temas de ordem econômica, social, política, cultural e ambiental e permitem, sobretudo, a discussão dos conceitos veiculados por diferentes sociedades e culturas. A categoria trabalho, por sua vez, comporta diferentes dimensões – filosófica, econômica, sociológica ou histórica: como virtude; como forma de produzir riqueza, de dominar e de transformar a natureza; como mercadoria; ou como forma de alienação. Ainda, podemos falar do trabalho como categoria pensada por diferentes autores: trabalho como valor (Karl Marx); como racionalidade capitalista (Max Weber); ou como elemento de interação do indivíduo na sociedade em suas dimensões tanto corporativa como de 557 CIÊNCIAS HUMANAS E SOCIAIS APLICADAS ENSINO MÉDIO integração social (Émile Durkheim). Seja qual for o caminho ou os caminhos escolhidos para tratar do tema, é importante destacar a relação sujeito/trabalho e toda a sua rede de relações sociais. Atualmente, as transformações na sociedade são grandes, especialmente em razão do uso de novas tecnologias. Observamos transformações nas formas de participação dos trabalhadores nos diversos setores da produção, a precarização das relações de trabalho, as oscilações de taxas de emprego e desemprego, o uso do trabalho intermitente, a pulverização dos locais de trabalho e o aumento global da concentração de renda e da desigualdade social. Diante desse cenário, a experiência do trabalho na contemporaneidade impõe novos desafios e problematizações formuladas no campo das Ciências Humanas, incluindo os impactos das inovações tecnológicas nas relações de produção e de trabalho. Como apontado, o estudo das categorias Política e Trabalho no Ensino Médio permite aos estudantes compreender e analisar a diversidade de papéis dos múltiplos sujeitos e seus mecanismos de atuação e identificar os projetos políticos e econômicos em disputa nas diferentes sociedades. Essas categorias contribuem para que os estudantes possam atuar com vistas à construção da democracia, em meio aos enfrentamentos gerados nas relações de produção e trabalho. No tratamento dessas categorias no Ensino Médio, a heterogeneidade de visões de mundo e a convivência com as diferenças favorecem o desenvolvimento da sensibilidade, da autocrítica e da criatividade, nas situações da vida, em geral, e nas produções escolares, em particular. Essa ampliação da visão de mundo dos estudantes resulta em ganhos éticos relacionados à autonomia das decisões e ao comprometimento com valores como liberdade, justiça social, pluralidade, solidariedade e sustentabilidade. Por fim, para garantir as aprendizagens essenciais definidas para a área de Ciências Humanas e Sociais Aplicadas, é imprescindível que os jovens aprendam a provocar suas consciências para a descoberta da transitoriedade do conhecimento, para a crítica e para a busca constante da ética em toda ação social. Considerando esses pressupostos, e em articulação com as competências gerais da Educação Básica e com as da área de Ciências Humanas do Ensino Fundamental, no Ensino Médio a área de Ciências Humanas e Sociais Aplicadas deve garantir aos estudantes o desenvolvimento de competências específicas. Relacionadas a cada uma delas, são indicadas, posteriormente, habilidades a ser alcançadas nessa etapa. 558 BASE NACIONAL COMUM CURRICULAR."
EM13CHS101,Ciências Humanas e Sociais Aplicadas,"Analisar e comparar diferentes fontes e narrativas expressas em diversas linguagens, com vistas à compreensão e à crítica de ideias filosóficas e processos e eventos históricos, geográficos, políticos, econômicos, sociais, ambientais e culturais."
EM13CHS102,Ciências Humanas e Sociais Aplicadas,"Identificar, analisar e discutir as circunstâncias históricas, geográficas, políticas, econômicas, sociais, ambientais e culturais da emergência de matrizes conceituais hegemônicas (etnocentrismo, evolução, modernidade etc.), comparando-as a narrativas que contemplem outros agentes e discursos."
EM13CHS103,Ciências Humanas e Sociais Aplicadas,"Elaborar hipóteses, selecionar evidências e compor argumentos relativos a processos políticos, econômicos, sociais, ambientais, culturais e epistemológicos, com base na sistematização de dados e informações de natureza qualitativa e quantitativa (expressões artísticas, textos filosóficos e sociológicos, documentos históricos, gráficos, mapas, tabelas etc.)."
EM13CHS104,Ciências Humanas e Sociais Aplicadas,"Analisar objetos da cultura material e imaterial como suporte de conhecimentos, valores, crenças e práticas que singularizam diferentes sociedades inseridas no tempo e no espaço."
EM13CHS105,Ciências Humanas e Sociais Aplicadas,"Identificar, contextualizar e criticar as tipologias evolutivas (como populações nômades e sedentárias, entre outras) e as oposições dicotômicas (cidade/ campo, cultura/natureza, civilizados/bárbaros, razão/sensibilidade, material/virtual etc.), explicitando as ambiguidades e a complexidade dos conceitos e dos sujeitos envolvidos em diferentes circunstâncias e processos."
EM13CHS106,Ciências Humanas e Sociais Aplicadas,"Utilizar as linguagens cartográfica, gráfica e iconográfica e de diferentes gêneros textuais e as tecnologias digitais de informação e comunicação de forma crítica, significativa, reflexiva e ética nas diversas práticas sociais (incluindo as escolares) para se comunicar, acessar e disseminar informações, produzir conhecimentos, resolver problemas e exercer protagonismo e autoria na vida pessoal e coletiva. 561 CIÊNCIAS HUMANAS E SOCIAIS APLICADAS ENSINO MÉDIO."
EM13CHS201,Ciências Humanas e Sociais Aplicadas,"Analisar e caracterizar as dinâmicas das populações, das mercadorias e do capital nos diversos continentes, com destaque para a mobilidade e a fixação de pessoas, grupos humanos e povos, em função de eventos naturais, políticos, econômicos, sociais e culturais."
EM13CHS202,Ciências Humanas e Sociais Aplicadas,"Analisar e avaliar os impactos das tecnologias na estruturação e nas dinâmicas das sociedades contemporâneas (fluxos populacionais, financeiros, de mercadorias, de informações, de valores éticos e culturais etc.), bem como suas interferências nas decisões políticas, sociais, ambientais, econômicas e culturais."
EM13CHS203,Ciências Humanas e Sociais Aplicadas,"Contrapor os diversos significados de território, fronteiras e vazio (espacial, temporal e cultural) em diferentes sociedades, contextualizando e relativizando visões dualistas como civilização/barbárie, nomadismo/sedentarismo e cidade/campo, entre outras."
EM13CHS204,Ciências Humanas e Sociais Aplicadas,"Comparar e avaliar os processos de ocupação do espaço e a formação de territórios, territorialidades e fronteiras, identificando o papel de diferentes agentes (como grupos sociais e culturais, impérios, Estados Nacionais e organismos internacionais) e considerando os conflitos populacionais (internos e externos), a diversidade étnico-cultural e as características socioeconômicas, políticas e tecnológicas."
EM13CHS205,Ciências Humanas e Sociais Aplicadas,"Analisar a produção de diferentes territorialidades em suas dimensões culturais, econômicas, ambientais, políticas e sociais, no Brasil e no mundo contemporâneo, com destaque para as culturas juvenis."
EM13CHS206,Ciências Humanas e Sociais Aplicadas,"Compreender e aplicar os princípios de localização, distribuição, ordem, extensão, conexão, entre outros, relacionados com o raciocínio geográfico, na análise da ocupação humana e da produção do espaço em diferentes tempos. 562 BASE NACIONAL COMUM CURRICULAR."
EM13CHS301,Ciências Humanas e Sociais Aplicadas,Problematizar hábitos e práticas individuais e coletivos de produção e descarte (reuso e reciclagem) de resíduos na contemporaneidade e elaborar e/ou selecionar propostas de ação que promovam a sustentabilidade socioambiental e o consumo responsável.
EM13CHS302,Ciências Humanas e Sociais Aplicadas,"Analisar e avaliar os impactos econômicos e socioambientais de cadeias produtivas ligadas à exploração de recursos naturais e às atividades agropecuárias em diferentes ambientes e escalas de análise, considerando o modo de vida das populações locais e o compromisso com a sustentabilidade."
EM13CHS303,Ciências Humanas e Sociais Aplicadas,"Debater e avaliar o papel da indústria cultural e das culturas de massa no estímulo ao consumismo, seus impactos econômicos e socioambientais, com vistas a uma percepção crítica das necessidades criadas pelo consumo."
EM13CHS304,Ciências Humanas e Sociais Aplicadas,"Analisar os impactos socioambientais decorrentes de práticas de instituições governamentais, de empresas e de indivíduos, discutindo as origens dessas práticas, e selecionar aquelas que respeitem e promovam a consciência e a ética socioambiental e o consumo responsável."
EM13CHS305,Ciências Humanas e Sociais Aplicadas,"Analisar e discutir o papel dos organismos nacionais de regulação, controle e fiscalização ambiental e dos acordos internacionais para a promoção e a garantia de práticas ambientais sustentáveis."
EM13CHS306,Ciências Humanas e Sociais Aplicadas,"Contextualizar, comparar e avaliar os impactos de diferentes modelos econômicos no uso dos recursos naturais e na promoção da sustentabilidade econômica e socioambiental do planeta. 563 CIÊNCIAS HUMANAS E SOCIAIS APLICADAS ENSINO MÉDIO."
EM13CHS401,Ciências Humanas e Sociais Aplicadas,"Identificar e analisar as relações entre sujeitos, grupos e classes sociais diante das transformações técnicas, tecnológicas e informacionais e das novas formas de trabalho ao longo do tempo, em diferentes espaços e contextos."
EM13CHS402,Ciências Humanas e Sociais Aplicadas,"Analisar e comparar indicadores de emprego, trabalho e renda em diferentes espaços, escalas e tempos, associando-os a processos de estratificação e desigualdade socioeconômica."
EM13CHS403,Ciências Humanas e Sociais Aplicadas,"Caracterizar e analisar processos próprios da contemporaneidade, com ênfase nas transformações tecnológicas e das relações sociais e de trabalho, para propor ações que visem à superação de situações de opressão e violação dos Direitos Humanos."
EM13CHS404,Ciências Humanas e Sociais Aplicadas,"Identificar e discutir os múltiplos aspectos do trabalho em diferentes circunstâncias e contextos históricos e/ou geográficos e seus efeitos sobre as gerações, em especial, os jovens e as gerações futuras, levando em consideração, na atualidade, as transformações técnicas, tecnológicas e informacionais. 564 BASE NACIONAL COMUM CURRICULAR."
EM13CHS501,Ciências Humanas e Sociais Aplicadas,"Compreender e analisar os fundamentos da ética em diferentes culturas, identificando processos que contribuem para a formação de sujeitos éticos que valorizem a liberdade, a autonomia e o poder de decisão (vontade)."
EM13CHS502,Ciências Humanas e Sociais Aplicadas,"Analisar situações da vida cotidiana (estilos de vida, valores, condutas etc.), desnaturalizando e problematizando formas de desigualdade e preconceito, e propor ações que promovam os Direitos Humanos, a solidariedade e o respeito às diferenças e às escolhas individuais."
EM13CHS503,Ciências Humanas e Sociais Aplicadas,"Identificar diversas formas de violência (física, simbólica, psicológica etc.), suas causas, significados e usos políticos, sociais e culturais, avaliando e propondo mecanismos para combatê-las, com base em argumentos éticos."
EM13CHS504,Ciências Humanas e Sociais Aplicadas,"Analisar e avaliar os impasses ético-políticos decorrentes das transformações científicas e tecnológicas no mundo contemporâneo e seus desdobramentos nas atitudes e nos valores de indivíduos, grupos sociais, sociedades e culturas. 565 CIÊNCIAS HUMANAS E SOCIAIS APLICADAS ENSINO MÉDIO."
EM13CHS601,Ciências Humanas e Sociais Aplicadas,"Relacionar as demandas políticas, sociais e culturais de indígenas e afrodescendentes no Brasil contemporâneo aos processos históricos das Américas e ao contexto de exclusão e inclusão precária desses grupos na ordem social e econômica atual."
EM13CHS602,Ciências Humanas e Sociais Aplicadas,"Identificar, caracterizar e relacionar a presença do paternalismo, do autoritarismo e do populismo na política, na sociedade e nas culturas brasileira e latino-americana, em períodos ditatoriais e democráticos, com as formas de organização e de articulação das sociedades em defesa da autonomia, da liberdade, do diálogo e da promoção da cidadania."
EM13CHS603,Ciências Humanas e Sociais Aplicadas,"Compreender e aplicar conceitos políticos básicos (Estado, poder, formas, sistemas e regimes de governo, soberania etc.) na análise da formação de diferentes países, povos e nações e de suas experiências políticas."
EM13CHS604,Ciências Humanas e Sociais Aplicadas,"Conhecer e discutir o papel dos organismos internacionais no contexto mundial, com vistas à elaboração de uma visão crítica sobre seus limites e suas formas de atuação."
EM13CHS605,Ciências Humanas e Sociais Aplicadas,"Analisar os princípios da declaração dos Direitos Humanos, recorrendo às noções de justiça, igualdade e fraternidade, para fundamentar a crítica à desigualdade entre indivíduos, grupos e sociedades e propor ações concretas diante da desigualdade e das violações desses direitos em diferentes espaços de vivência dos jovens. 567 FICHA TÉCNICA Ficha técnica COMITÊ GESTOR DA BASE NACIONAL COMUM CURRICULAR E REFORMA DO ENSINO MÉDIO Titulares Maria Helena Guimarães de Castro (Presidente) Secretária Executiva – SE Rossieli Soares da Silva (Secretário Executivo) Secretário de Educação Básica – SEB Eline Neves Braga Nascimento Secretária de Educação Profissional e Tecnológica – Setec Ivana de Siqueira Secretária de Educação Continuada, Alfabetização, Diversidade e Inclusão – Secadi Maria Inês Fini Presidente do Instituto Nacional de Estudos e Pesquisas Educacionais Anísio Teixeira – Inep Paulo Monteiro Vieira Braga Barone Secretário de Educação Superior – SESu Regina de Assis Secretária de Articulação com os Sistemas de Ensino – Sase Suplentes Marcos Silva Ozorio Secretaria de Articulação com os Sistemas de Ensino – Sase Mauro Luiz Rabelo Secretaria de Educação Superior - SESu Ricardo Corrêa Coelho Secretaria Executiva – SE Sueli Teixeira Mello Secretaria de Educação Continuada, Alfabetização, Diversidade e Inclusão – Secadi Teresa Cozetti Pontual Pereira Secretaria de Educação Básica – SEB Valdecir Carlos Tadei Secretaria de Educação Profissional e Tecnológica – Setec Valdir Quintana Gomes Júnior Instituto Nacional de Estudos e Pesquisas Educacionais Anísio Teixeira – Inep 568 BASE NACIONAL COMUM CURRICULAR EQUIPE DE ESPECIALISTAS COORDENAÇÃO Ghisleine Trigo Silveira REDATORES Adriana Ranelli Weigel, André Luís Ruggiero Barroso, Andréa Patapoff Dal Coleto, Antonio Francisco da Silva Junior, Celso Amancio de Melo Filho, Cristiane Mori, Cristina Leite, Ghisleine Trigo Silveira, Gláucia d’Olim Marote Ferro, Guiomar Namo de Mello, Hebe Ribeiro da Cruz Peixoto, Isabel Porto Filgueiras, Jacqueline Peixoto Barbosa, Janice Theodoro da Silva, João Bosco Pitombeira Fernandes de Carvalho, José Alves de Freitas Neto, José Luís Marques López Landeira, Jussara Cristina Barboza Tortella, Maria Augusta Querubim Rodrigues Pereira, Maria Eliza Fini, Maria Fernanda Penteado Lamas, Maria Silvia Brumatti Sentelhas, Neide Luzia de Rezende, Paulo Roberto Cunha, Priscilla Vilas Boas, Raul Borges Guimarães, Ricardo Rechi Aguiar, Roxane Helena Rodrigues Rojo, Ruy Cesar Pietropaolo, Simone Laiz de Morais Lima, Sonia Maria Vanzella Castellar, Stella Christina Schrijnemaeker, Suraya Cristina Darido da Cunha e Zuleika de Felice Murrie. COMISSÃO DE ENSINO RELIGIOSO Gilberto Garcia (presidente), Ivan Siqueira (relator), Antonio Freitas e José Loureiro. LEITORES CRÍTICOS ACARA, Alexandre Jackson Chan Vianna, Alexandre Rezende, Ana Maria Mauad de Sousa Andrade Essus, Ana Paula Martinez Duboc, Angela Corrêa da Silva, Anna Penido Monteiro, Beatriz Cardoso, Beatriz Mangione Sampaio Ferraz, Carolina Machado Rocha Busch Pereira, Claudia Maria Costin, Cydara Cavedon Ripoll, Dave Peck, Egon de Oliveira Rangel, Fabiano Farias de Souza, Fernando Jaime González, Helena Copetti Callai, Hilário Alencar da Silva, Iara Glória Areias Prado, Ilona Maria Lustosa Becskeházy Ferrão de Sousa, Ivan Cláudio Pereira Siqueira, Jacqueline Peixoto Barbosa, João Batista Araujo e Oliveira, Jorge Megid Neto, José Angelo Barela, José Francisco Soares, Joyce Menasce Rosset, Julia Siqueira da Rocha, Julio Cezar Foschini Lisboa, Leticia Guimarães Rangel, Lino de Macedo, Magda Becker Soares, Marcelo Moraes Guzzo, Marcelo Viana, Maria Alice Setubal, Maria Angela de Souza Lima Rizzi, Maria Cristina Cortez Wissenbach, Maria Eliza Fini, Maria Fernandes, Maria Helena Webster, Maria Tereza Perez Soares, Mario Jorge Dias Carneiro, Maya Suemi Lemos, Nelio Marco Vincenzo Bizzo, Nina Coutinho, Osmar Moreira de Souza Júnior, Paulo Blikstein, Percival Tirapeli, Phil Lambert, Rauer Ribeiro Rodrigues, Ronaldo Goulart Duarte, Sandra Tatiana Baumel Durazzo, Telma Gimenez, Telma Weisz, Vital Didonet e Yassuko Hosoume. TRADUTORES (versões para o inglês) Marília Aranha de Freitas e Renato Ramalho Geraldes. 569 FICHA TÉCNICA Créditos institucionais e ficha técnica – 2ª versão MINISTÉRIO DA EDUCAÇÃO MINISTRO DE ESTADO DA EDUCAÇÃO: Aloizio Mercadante SECRETARIA EXECUTIVA: Luiz Cláudio Costa SECRETARIA DE EDUCAÇÃO BÁSICA: Manuel Palacios da Cunha e Melo DIRETORIA DE CURRÍCULOS E EDUCAÇÃO INTEGRAL: Italo Modesto Dutra COORDENAÇÃO-GERAL DE ENSINO MÉDIO: Ricardo Magalhães Dias Cardozo COORDENAÇÃO-GERAL DE ENSINO FUNDAMENTAL: Élsio José Corá COORDENAÇÃO-GERAL DE EDUCAÇÃO INFANTIL: Rita de Cássia Freitas Coelho COORDENAÇÃO-GERAL DE EDUCAÇÃO INTEGRAL: Leandro da Costa Fialho Consed Presidente/Secretário de Estado de Educação de Santa Catarina: Eduardo Deschamps Secretaria Executiva: Nilce Rosa da Costa Vice-Presidente/Secretário de Estado da Educação da Bahia: Osvaldo Barreto Filho Vice-Presidente/Secretário de Estado de Educação do Amazonas: Rossieli Soares da Silva Vice-Presidente/Secretária de Estado de Educação do Mato Grosso do Sul: Maria Cecilia Amendola da Motta Vice-Presidente/Secretário de Estado da Educação do Rio de Janeiro: Antonio José Vieira de Paiva Neto Vice-Presidente/Secretária de Estado da Educação do Paraná: Ana Seres Trento Comin Undime Nacional PRESIDÊNCIA: Alessio Costa Lima Dirigente Municipal de Educação de Tabuleiro do Norte/CE VICE-PRESIDÊNCIA: SECRETARIA DE ARTICULAÇÃO: Adenilde Stein Silva Dirigente Municipal de Educação de Marechal Floriano/ES 570 BASE NACIONAL COMUM CURRICULAR SECRETARIA DE COORDENAÇÃO TÉCNICA: Jorcirley de Oliveira Dirigente Municipal de Educação de Araguaína/TO SECRETARIA DE COMUNICAÇÃO: Rodolfo Joaquim Pinto da Luz Dirigente Municipal de Educação de Florianópolis/SC SECRETARIA DE FINANÇAS: Maria Edineide de Almeida Batista Dirigente Municipal de Educação de Lagoa de Pedras/RN SECRETARIA DE ASSUNTOS JURÍDICOS: Horácio Francisco dos Reis Filho Dirigente Municipal de Educação de Goiana/PE PRESIDÊNCIA REGIÃO CENTRO-OESTE: Virgínia Maria Pereira de Melo (em exercício) Dirigente Municipal de Educação de Anápolis/GO PRESIDÊNCIA REGIÃO NORDESTE: Gelcivânia Mota Silva Dirigente Municipal de Educação de Serrinha/BA PRESIDÊNCIA REGIÃO NORTE: Edelson Penaforth Pinto Dirigente Municipal de Educação de Tonantins/AM PRESIDÊNCIA REGIÃO SUDESTE: Priscilla Maria Bonini Ribeiro Dirigente Municipal de Educação de Guarujá/SP PRESIDÊNCIA REGIÃO SUL: Celso Augusto de Souza de Oliveira (em exercício) Dirigente Municipal de Educação de Telêmaco Borba/PR EQUIPE DE ASSESSORES E ESPECIALISTAS COORDENAÇÃO Hilda Aparecida Linhares da Silva Micarello (MG/UFJF) e Isabel Cristina Alves da Silva Frade (MG/UFMG). COMITÊ DE ASSESSORES Alex Branco Fraga (RS/UFRGS), Begma Tavares Barbosa (MG/UFJF), Edenia Maria Ribeiro do Amaral (PE/UFRPE), Edgar de Brito Lyra Netto (RJ/PUC-Rio), Gilberto Icle (RS/UFRGS), Luiz Carlos Menezes (SP/USP), Marcelo Câmara dos Santos (PE/UFPE), Marcelo Tadeu Baumann Burgos (RJ/PUC-Rio), Margarete Schlatter (RS/UFRGS), Maria Carmen Silveira Barbosa (RS/UFRGS), Maria Eunice Ribeiro Marcondes (SP/USP), Maria Zélia Versiani Machado (MG/UFMG), Rosane Moreira Silva Meirelles (RJ/UERJ) e Zilma de Moraes Ramos de Oliveira (SP/USP). 571 FICHA TÉCNICA COMISSÃO DE ESPECIALISTAS Abraão Juvencio de Araujo (PE/UFPE), Adair Bonini (SC/UFSC), Adecir Pozzer (SC/ Consed), Admir Soares de Almeida Junior (MG/PUC Minas), Agustina Rosa Echeverría (GO/UFG), Alaércio Guimarães (MS/Undime), Amarildo Ferreira (RO/Consed), Ana Paula Gomes (MA/Consed), André Ferrer Pinto Martins (RN/UFRN), Andre Luiz Ribeiro Vianna (BA/Consed), Andréa Walder Zanatti (MS/Consed), Andreia Veber (PR/UEM), Antonio Cardoso do Amaral (PI/Consed), Antônio Daniel Marinho Ribeiro (AL/Consed), Carla Andrea Silva Lima (MG/UFU), Carlos Eduardo Povinha (SP/ Consed), Claudia Cavalcante Cedraz Caribé de Oliveira (BA/Consed), Claudia de Alencar Serra e Sepulveda (BA/UEFS), Claudia Luisa Zeferino Pires (RS/UFRGS), Cleudemarcos Lopes Feitoza (CE/Undime), Danusa Munford (MG/UFMG), Débora Baroudi Nascimento (SP/Undime), Denise Maria de Carvalho Lopes (RN/UFRN), Edilza Laray de Jesus (AM/UEA), Eduardo Adolfo Terrazzan (RS/UFSMS), Eduardo Fleury Mortimer (MG/FaE - UFMG), Eliana Merlin Deganutti de Barros (PR/UENP), Elias Carvalho Pereira Junior (ES/Consed), Emerson Costa SP/Consed), Eriberto Barroso Façanha Filho (AM/Consed), Érico Andrade Marques de Oliveira (PE/UFPE), Fabiano Farias de Souza (RJ/Consed), Fernando Jaime González (RS/Unijui), Flaviana Gasparotti Nunes (MS/UFGD), Francisco Sales Bastos Palheta (AM/UFAM), Genildo Alves da Silva (AC/Consed), Gerson da Silva Rodrigues (SP/Undime), Giovani Jose da Silva (AP/UFAP), Gisele Girardi (ES/UFES), Giselly Rodrigues das Neves Silva Gomes (MT/Consed), Gleyson Souza dos Santos (SE/Consed), Haydée Glória Cruz Caruso (DF/UnB), Henrique Lima Assis (GO/Consed), Ileizi Luciana Fiorelli Silva (PR/UEL), Ínia Franco de Novaes (MG/Eseba-UFU), Iracilda da Silva Almeida (AL/Undime), Ivo Marçal Vieira Junior (DF/Consed), João Manoel de Faro Neto (SE/Consed), Joelma Bezerra da Silva (RR/Consed), José Ailto Vargas da Rosa (ES/Undime/SEDUC), Joseni Terezinha Frainer Pasqualini (SC/Consed), Jussara Fraga Portugal (BA/UNEB), Leandro Mendes Rocha (GO/UFG), Leila Cristina Mattei Cirino (PR/Consed), Leila Soares de Souza Perussolo (RR/Undime), Leila Soares de Souza Perussolo (RR/ Undime), Leonel Piovezana (SC/Unochapecó), Luciana Pegoraro Penteado Gândara (TO/Consed), Marcelo Tadeu Motokane (SP/USP), Marcia Garcia Leal Pires (DF/ Consed), Marcílio Souza Júnior (PE/UPE), Marcos Antonio Silva (MG/Consed), Marcos Garcia Neira (SP/USP), Marcos Villela Pereira (RS/PUCRS), Margarida Maria Dias de Oliveira (RN/UFRN), Maria da Guia de Oliveira Medeiros (RN/Undime), Maria de Nazaré Pereira Rodrigues (AC/Consed), Maria del Carmen Fátima Gonzáles Daher (RJ/UFF), Maria Isabel Ramalho Ortigão (RJ/UERJ), Maria Oneide de Oliveira Enes Costa (RO/ Consed), Maria Rosário dos Santos (PI/Consed), Maria Tereza Carneiro Soares (PR/ UFPR), Marinelma Costa Meireles (MA/Consed), Massilia Maria Lira Dias (CE/UFC), Maurício Brito da Silva (AM/Consed), Mauricio Compiani (SP/Unicamp), Maycon Silva de Oliveira (TO/Consed), Micheline Madureira Lage (GO/IFG), Milton Antonio Auth (MG/Facipi-UFU), Minancy Gomes de Oliveira (PE/Consed), Monica Cerbella Freire Mandarino (RJ/Unirio), Monica Lemos de Matos (RJ/Consed), Parmenio Camurça Citó (RO/UFRR), Paulo André Alves Figueiredo (PA/Consed), Paulo Gerson de Lima (RN/Consed), Paulo Meireles Barguil (CE/Consed), Paulo Sérgio Fochi (RS/Unisinos), Reginaldo Gomes da Silva (AP/Consed), Reinaldo de Luna Freire (PB/Consed), Ricardo Gauche (DF/UnB), Ricardo Luiz Teixeira de Almeida (RJ/UFF), Rilma Suely de Souza Melo (PB/Undime), Rony Claudio de Oliveira Freitas (ES/IFES), Ruy Cesar Pietropaolo (SP/Universidade Anhanguera), Samuel Silva Chaves (MT/Consed), Sandra Arlinda Carioca (MG/Undime), Santiago Pich (SC/UFSC), Silvia Helena Vieira Cruz (CE/UFC), Simone Riske Koch (SC/Consed), Suraya Cristina Darido (SP/Unesp), Suzana Maria de Castro Lins (PE/Consed), Tânia Tuchtenhagen Clarindo (RS/Undime), Tatiana Garíglio Clark Xavier (MG/Consed), Vagno Ferreira de Sousa (PA/Undime), Vania Fonseca Maia (RJ/Undime), Vilma Lenir Calixto (PR/Consed), Vitor Powaczruk (RS/Consed), Wirley Jatniel Pinheiro de Oliveira (AP/Consed) e Yassuko Hosoume (SP/USP). 572 BASE NACIONAL COMUM CURRICULAR PROFESSORES QUE COLABORARAM COMO REVISORES DOS DOCUMENTOS DA BNCC Rosângela Veiga Júlio Ferreira (MG/Colégio de Aplicação João XXIII/UFJF), Vânia Fernandes (MG/Colégio de Aplicação João XXIII/UFJF), Simone da Silva Ribeiro (MG/ Colégio de Aplicação João XXIII/UFJF), Luciene Ferreira da Silva Guedes (MG/Colégio de Aplicação João XXIII/UFJF), Márcio Fagundes Alves (MG/Instituto Metodista Granbery), Orlando Ednei Ferretti (SC/UFSC) e Gabriela Pellegrino Soares (SP/USP). ASSESSORIA DE COMUNICAÇÃO SOCIAL AO PORTAL DA BASE NACIONAL COMUM CURRICULAR Henrique Polidoro, Paula Habib e Daniela Mendes. EQUIPE DE ARQUITETURA DA INFORMAÇÃO DO PORTAL DA BNCC Edna Rezende Silveira de Alcântara (MG/UFJF – Coordenadora), Sílvio Lucas Pereira Filho, Douglas Carvalho e Rafael Soares Vieira. EQUIPE DE SISTEMATIZAÇÃO DAS CONTRIBUIÇÕES AO PORTAL DA BASE NACIONAL COMUM CURRICULAR Pesquisadores Thérèse Hofmann Gatti Rodrigues da Costa (DF/UnB – Coordenadora), Adriana Almeida Sales de Melo (DF/UnB), Alan Ricardo da Silva (DF/UnB), Claudete de Fatima Ruas (DF/UnB), Edgar de Brito Lyra Netto (RJ/PUC-Rio), Edna Rezende Silveira de Alcântara (MG/UFJF), Gilberto Daisson Santos (DF/UnB), Gilberto Lacerda Santos (DF/UnB), Janaína de Aquino Ferraz (DF/UnB), José Angelo Belloni (DF/UnB), Loureine Rapôso Oliveira Garcez (DF/UnB), Luiz Honorato da Silva Júnior (DF/UnB), Marcelo Tadeu Baumann Burgos (RJ/PUC-Rio), Ricardo Barros Sampaio (DF/UnB), Rudi Henri van Els (DF/UnB) e Valdir Adilson Steinke (DF/UnB). Auxiliares de Pesquisa Adriana Carla Oliveira de Morais Vale (RR), Adriano da Fonseca Melo (MS), Alexsandro Rocha de Souza (BA), Alfredo Souza de Oliveira (MS), Ana Cristina Silva de Oliveira Pereira (BA), Ana Maria do Nascimento Silva (AL), Andreliza Cristina de Souza (PR), Anny Carneiro Santos (BA), Antonio de Sousa Silva (PI), Catarina Janira Padilha (RR), Claudinne Briano Canuto (PE), Débora Maria do Nascimento (RN), Denise de Oliveira Alves (DF), Edinéia Aparecida Chaves de Oliveira (PR), Edluza Maria Soares de Oliveira (AL), Elaine Araújo Gheysens (MA), Elaine Maria de Camargos (MG), Eliane Nogueira de Azevedo (MG), Elias Carvalho Pereira Junior (ES), Fabiana Granado Garcia Sampaio (SP) , Fabiane Freire França (PR), Fábio do Socorro Dias Brito (AP), Francileide Souza Alves SE), Francio Xavier Santos Costa (PB), Gabriela Zelice de Queiroz da Cruz (SE), Gilmar Dantas da Silva (CE), Giselle Maria Sarti Leal Muniz Alves (RJ), Helaine Pereira de Souza (BA), Helyne Costa de Jesus (MA), Iara de Oliveira Barros Araújo (PB), Isabel Letícia Pedroso de Medeiros (RS), Ivone Garcia Barbosa (GO), Janette de Fátima Reis (RO), João Paulo Derocy Cêpa (ES), Jomaira Ramos de Freitas Mariano (ES), Jonas Loureiro Dias (AP), Leocádia Maria da Hora Neta (PE), Leonardo Elydio da Silveira (RJ), Luana Serra Elias Tavares (SP), Luciana Barbosa Candido Carniello (GO), Luiz Carlos Santos de Oliveira(AL), Luiz Miguel Martins Garcia (SP), Mara Suzany Romano Bergamo (SP), Márcia Inês Bernadt Wurzius (SC), Marcus Vinicius Silva de Oliveira (RJ), Margarete Ferreira do Vale 573 FICHA TÉCNICA de Sousa (RN), Maria de Fátima de Andrade Bezerra (PE), Maria de Jesus Araújo Ribeiro (CE), Maria Gomes Cordeiro (AC), Maria Gorethi dos Santos Camelo (MA), Maria Jose Fernandes dos Reis Fink (RS), Maria Lúcia Pessoa Sampaio (RN), Maria Rita de Cássia Labanca (TO), Mariza Salvi (RO), Marxwell José Albuquerque Alves da Silva (PE), Nilson de Souza Cardoso (CE), Norma Lúcia de Queiroz (DF), Otair Rodrigues Rondon Filho (MT), Ozana Guterres de Abreu (MA), Patrícia Maria de Souza Régio (AC), Raimundo Araujo Costa Sobrinho (PI), Regina Célia Moraes Vieira (AM), Regina Efigenia de Jesus Silva Rodrigues (GO), Rizalva dos Santos Cardoso Rabêlo (PI), Robson Vila Nova Lopes (TO), Rosa Cristina Cavalcanti de Albuquerque Pires (SC), Rosemai Maria Victorio (MT), Rossana Padilha Negreira (RS), Rudson Adriano Rossato da Luz (RS), Sabrina Machado Campos(RJ), Sandra Helena Ataíde de Lima (PA), Sérgio Augusto Domingues (MG), Silvia Sueli Santos da Silva (PA), Soraya de Oliveira Lima (AM) , Sulamita Maria Comini César (MG), Suzy de Castro Alves (SC), Taciana Balth Jordão (MT), Tania Conceição Iglesias PR), Tânia Dantas Gama (PB) e Willas Dias da Costa (AM). COORDENADORES INSTITUCIONAIS DAS COMISSÕES ESTADUAIS PARA A DISCUSSÃO DA BNCC Coordenadores indicados pelas Presidências Estaduais da Undime Maria Izauníria Nunes da Silva (AC/Undime), Josefa da Conceição (AL/Undime), Silleti Lúcia Sarubi de Lyra (AM/Undime), Cleiberton Riullen Souza dos Santos (AP/Undime), Rosilene Vila Nova Cavalcante (BA/Undime), Regivaldo Freires da Silva (CE/Undime), Jomaira Ramos de Freitas Mariano (ES/Undime), Luciana Barbosa Cândido Carniello (GO/Undime), Maria Gorethi dos Santos Camelo (MA/Undime), Maria Virgínia Morais Garcia (MG/Undime), Marilda Fernandes de Oliveira Coelho (MS/Undime), Lenir de Fátima Alves Ferreira Vronski (MT/Undime), Nair Cristine da Silva Mascarenhas (PA/ Undime), Rosilda Maria Silva (PB/Undime), Aderito Hilton do Nascimento (PE/Undime), Antônio de Sousa (PI/Undime), Alessandro Cristian Vin Linsingen (PR/Undime), Andrea Machado Pereira de Carvalho (RJ/Undime), Andrea Carla Pereira Campos Cunha (RN/ Undime), Maria Edineide de Almeida Batista (RN/Undime), Mariza Salvi (RO/Undime), Kennedy Leite da Silva (RR/Undime), Márcia Adriana de Carvalho (RS/Undime), Mareni de Fátima Rosa da Silva (SC/Undime), Paulo Roberto Caduda Santos (SE/Undime), Maridalva Oliveira Amorim Bertacini (SP/Undime) e Cristiane Terezinha Vidotti (TO/ Undime). Coordenadores indicados pelas Secretarias Estaduais de Educação Rúbia de Abreu Cavalcante (AC/Consed), Laura Cristiane de Souza (AL/Consed), Vera Lúcia Lima da Silva (AM/Consed), Ailton Asdrubal Cardoso Guedes (AP/Consed), Valdirene Oliveira Souza (BA/Consed), Betânia Maria Gomes Raquel (CE/Consed), Rita de Cacia V.M. de Sousa (DF/Consed), João Paulo Derocy Cêpa (ES/Consed), Wisley João Pereira (GO/Consed), Silvana Maria Machado Bastos (MA/Consed), Augusta Aparecida Neves de Mendonça (MG/Consed), Hélio Queiroz Daher (MS/Consed), Otair Rodrigues Rondon Filho (MT/Consed), Maria Beatriz Mandelert Padovani (PA/ Consed), Aparecida de Fátima Uchoa Rangel (PB/Consed), Ana Coelho Vieira Selva (PE/Consed), Carlos Alberto Pereira da Silva (PI/Consed), Rosângela Bezerra de Melo (PR/Consed), Fabiano Farias de Souza (RJ/Consed), Alessandro Augusto de Azevedo (RN/Consed), Joel Domingos Pereira (RO/Consed), Márcia Helena Maia de Lima (RR/ Consed), Maria José Fernandes dos Reis Fink (RS/Consed), Júlia Siqueira da Rocha (SC/Consed), Gabriela Zelice de Queiroz da Cruz (SE/Consed), Ghisleine Trigo Silveira (SP/Consed) e Divino Mariosan Rodrigues de Siqueira (TO/Consed). 574 BASE NACIONAL COMUM CURRICULAR Créditos institucionais e ficha técnica – 1ª versão MINISTÉRIO DA EDUCAÇÃO MINISTRO DE ESTADO DA EDUCAÇÃO: Renato Janine Ribeiro SECRETÁRIO EXECUTIVO: Luiz Cláudio Costa SECRETARIA DE EDUCAÇÃO BÁSICA Secretário: Manuel Palacios da Cunha e Melo DIRETORIA DE CURRÍCULOS E EDUCAÇÃO INTEGRAL Diretor: Ítalo Modesto Dutra COORDENAÇÃO-GERAL DO ENSINO FUNDAMENTAL Coordenador-geral: Élsio José Corá COORDENAÇÃO-GERAL DE EDUCAÇÃO INFANTIL Coordenadora-geral: Rita de Cássia de Freitas Coelho COORDENAÇÃO-GERAL DE ENSINO MÉDIO Coordenador-geral Interino: Ricardo Magalhães Dias Cardozo COORDENAÇÃO-GERAL DE EDUCAÇÃO INTEGRAL Coordenador-geral: Leandro da Costa Fialho Conselho Nacional de Secretários de Educação – Consed Presidente/Secretário de Estado da Educação de Santa Catarina Eduardo Deschamps Vice-Presidente/Secretário da Educação do Estado da Bahia Osvaldo Barreto Filho Vice-Presidente/Secretário de Estado da Educação e da Qualidade de Ensino do Amazonas Rossieli Soares da Silva Vice-Presidente/Secretária de Estado da Educação de Mato Grosso do Sul Maria Cecília Amendola da Motta Vice-Presidente/Secretário de Estado da Educação do Rio de Janeiro Antônio José Viera de Paiva Neto Vice-Presidente/Secretária de Estado da Educação do Paraná Ana Seres Trento Comin União Nacional dos Dirigentes Municipais de Educação – Undime Presidente TABULEIRO DO NORTE/CE Alessio Costa Lima Vice-Presidenta COSTA RICA/MS Manuelina Martins da Silva Arantes Cabral 575 FICHA TÉCNICA Secretária de Articulação MARECHAL FLORIANO/ES Adenilde Stein Silva Secretário de Coordenação Técnica ARAGUAÍNA/TO Jocirley de Oliveira Secretário de Comunicação FLORIANÓPOLIS/SC Rodolfo Joaquim Pinto da Luz Secretária de Finanças LAGOA DE PEDRAS/RN Maria Edineide de Almeida Batista Secretário de Assuntos Jurídicos GOIANA/PE Horácio Francisco dos Reis Filho Presidente Região Centro-Oeste CUIABÁ/MT Gilberto Gomes de Figueiredo Presidente Região Nordeste SERRINHA/BA Gelcivânia Mota Silva Presidente Região Norte TONANTINS/AM Edelson Penaforth Pinto Presidente Região Sudeste MARIANA/MG Elizabeth Cota Presidente Região Sul RIO GRANDE/RS André Lemes da Silva LEITORES CRÍTICOS Adair Mendes Nacarato (SP/USF), Airton Carrião (MG/UFMG), Alcilea Augusto (SP/USP), Cármen Lúcia Brancaglion Passos (SP/UFSCar), Aldo Victorio Filho (RJ/ UERJ), Alexandre do Nascimento Almeida (RS/UFCSPA), Alexandre José Molina (MG/UFU), Amélia Regina Batista Nogueira (AM/UFAM), Ana Maria De Mattos Guimarães (RS/Unisinos), Anegleyce Teodoro Rodrigues (GO, FEFD/UFG), Anis (DF/Instituto de Bioética), Antonio Hilario Aguilera Urquiza (MS/UFMS), Carlos Benedito de Campos Martins (DF/UnB), Carminda Mendes André (SP/Unesp), Cássia Navas Alves de Castro (SP/Unicamp), Cibelle Celestino Silva (SP/USP), Clara Zeni Camargo Dornelles (RS/Unipampa), Clarice Salete Traversini (RS/UFRGS), Cláudia Estevam Costa (RJ/Colégio Pedro II), Cristiano Alberto Muniz (DF/UnB), Delaine Cafiero Bicalho (MG/UFMG), Diogo Tourino de Sousa (RS/UFSM), Dirce Maria Antunes Suertegaray (RS/UFRGS), Douglas Santos (MS/UFGD), Edleise Mendes Oliveira Santos (BA/UFBA), Eduardo Salles de Oliveira Barra (PR/UFPR), Elcio Cecchetti (SC/SED), Elisete Medianeira Tomazetti (RS/UFSM), Eloisa Acires Candal Rocha (SC/UFSC), Flávia Maria Teixeira dos Santos (RS/UFRGS), Filipe Ceppas de Carvalho e Faria (RJ/UFRJ), Flávia Eloisa Caimi (RS/UPF), Flávia Maria Teixeira dos Santos (RS/UFRGS), Gilvan Müller de Oliveira (SC/UFSC), Helena Maria Bomeny Garchet (RJ/UERJ), Helenice Aparecida Bastos Rocha (RJ/UERJ), Inés Kayon de Miller (RJ/PUC-Rio), Iole de Freitas Druck (SP/USP), José Angelo Gariglio 576 BASE NACIONAL COMUM CURRICULAR (MG/UFMG), José Eustáquio de Sene (SP/USP), Lívia Tenorio Brasileiro (PE/UPE), Luciana Marta Del-Bem (RS/UFRGS), Luís Donisete Benzi Grupioni (SP/USP), Luis Fernando Cerri (PR/UEPG), Luiz Alexandre Oxley da Rocha (ES/UFES), Luiz Henrique Ferreira (SP/UFSCar), Marcelo de Souza Magalhães (RJ/UFRJ), Marcia Paraquett Fernandes (BA/UFBA), Marcos Antônio Campos Couto (RJ/UERJ), Marcos Araújo Bagno (DF/UnB), Marcos Sorrentino (SP/USP), Maria Alice Gravina (RS/UFRGS) , Maria Cristina Rigoni Costa (RJ/Unirio), Maria Cristina Rigoni Costa (RJ/Unirio), Maria Elena Ramos Simielli (SP/USP), Maria Teresa Eglér Mantoan (SP/ Unicamp), Marieta de Moraes Ferreira (RJ/UFRJ), Marta Genú Soares (PA/UEPA), Martha Campos Abreu (RJ/UFF), Mauricio Pietrocola Pinto de Oliveira (SP/USP), Mirian Celeste Ferreira Dias Martins (SP/Mackenzie), Mônica Torres Bonatto (RS/ UFRGS), Nestor André Kaercher (RS/UFRGS), Patrícia Del Nero Velasco (SP/ UFABC), Paulo Cezar Pinto Carvalho (RJ/Impa/FGV), Pedro Paulo Abreu Funari (SP/Unesp), Renilson Rosa Ribeiro (MT/UFMT), Ricardo Rezer (SC/Unochapecó), Rodolfo Rozengardt (Argentina/ Universidad Nacional de La Pampa/Universidad Nacional de Avellaneda), Rosa Maria de Oliveira Graça (RS/UFRGS), Rosiléia Oliveira de Almeida (BA/UFBA), Sandra Regina Ferreira De Oliveira (PR/UEL), Silvana de Gaspari (SC/UFSC), Simone Portugal (DF/UnB), Sirio Possenti (SP/Unicamp), Sonia Kramer (RJ/PUC-Rio)Terezinha da Conceição Costa-Hübes (PR/Unioeste), Tizuko Morchida Kishimoto, Valter Bracht (ES/UFES)Vânia Carvalho de Araújo (ES, UFES), Vânia de Fátima Matias de Souza (PR/UEM), Vânia Rubia Farias Vlach (MG/UFU), Werner Heidermann (SC/UFSC) e Wilma de Nazaré Baía Coelho (PA/UFPA)."
